,CRASH DATE,CRASH TIME,BOROUGH,ZIP CODE,LATITUDE,LONGITUDE,LOCATION,ON STREET NAME,CROSS STREET NAME,OFF STREET NAME,NUMBER OF PERSONS INJURED,NUMBER OF PERSONS KILLED,NUMBER OF PEDESTRIANS INJURED,NUMBER OF PEDESTRIANS KILLED,NUMBER OF CYCLIST INJURED,NUMBER OF CYCLIST KILLED,NUMBER OF MOTORIST INJURED,NUMBER OF MOTORIST KILLED,CONTRIBUTING FACTOR VEHICLE 1,CONTRIBUTING FACTOR VEHICLE 2,CONTRIBUTING FACTOR VEHICLE 3,CONTRIBUTING FACTOR VEHICLE 4,CONTRIBUTING FACTOR VEHICLE 5,COLLISION_ID,VEHICLE TYPE CODE 1,VEHICLE TYPE CODE 2,VEHICLE TYPE CODE 3,VEHICLE TYPE CODE 4,VEHICLE TYPE CODE 5
1175,04/17/2021,11:35,,,40.732254,-73.99636,"(40.732254, -73.99636)",WEST 8 STREET,,,1.0,0.0,0,0,1,0,0,0,Passing or Lane Usage Improper,Unspecified,,,,4409058,Bike,Bike,,,
1222,04/18/2021,19:30,BROOKLYN,11217.0,40.68008,-73.971405,"(40.68008, -73.971405)",BERGEN STREET,CARLTON AVENUE,,0.0,0.0,0,0,0,0,0,0,Driver Inattention/Distraction,Driver Inattention/Distraction,,,,4408923,Bike,Bike,,,
2093,04/22/2021,18:00,MANHATTAN,10001.0,40.747894,-73.989174,"(40.747894, -73.989174)",AVENUE OF THE AMERICAS,WEST 31 STREET,,1.0,0.0,0,0,1,0,0,0,Passing or Lane Usage Improper,Pedestrian/Bicyclist/Other Pedestrian Error/Confusion,,,,4410046,Bike,Bike,,,
2551,04/22/2021,14:30,MANHATTAN,10023.0,40.776016,-73.98724,"(40.776016, -73.98724)",WEST 66 STREET,WEST END AVENUE,,0.0,0.0,0,0,0,0,0,0,Pedestrian/Bicyclist/Other Pedestrian Error/Confusion,Failure to Yield Right-of-Way,,,,4410308,Bike,Bike,,,
2944,03/21/2021,13:38,,,,,,QUEENSBORO BRIDGE OUTER ROADWAY ,,,1.0,0.0,0,0,1,0,0,0,Failure to Yield Right-of-Way,Unspecified,,,,4400618,Bike,Bike,,,
3402,04/24/2021,18:15,MANHATTAN,10036.0,40.760925,-73.99454,"(40.760925, -73.99454)",WEST 44 STREET,10 AVENUE,,0.0,0.0,0,0,0,0,0,0,Passing or Lane Usage Improper,Unspecified,,,,4411212,Bike,Bike,,,
4231,04/29/2021,22:41,MANHATTAN,10022.0,40.757072,-73.96986,"(40.757072, -73.96986)",3 AVENUE,EAST 52 STREET,,1.0,0.0,0,0,1,0,0,0,Following Too Closely,Unspecified,,,,4411838,Bike,Bike,,,
5300,05/01/2021,10:55,,,,,,,,77        WEST DRIVE,0.0,0.0,0,0,0,0,0,0,Unspecified,Unspecified,,,,4412624,Bike,Bike,,,
5410,05/02/2021,20:25,MANHATTAN,10065.0,40.764988,-73.96116,"(40.764988, -73.96116)",2 AVENUE,EAST 66 STREET,,1.0,0.0,0,0,1,0,0,0,Driver Inexperience,Unspecified,,,,4412727,Bike,Bike,,,
5502,05/02/2021,17:40,,,,,,,,80        WEST DRIVE,1.0,0.0,0,0,1,0,0,0,Unspecified,Unspecified,,,,4412626,Bike,Bike,,,
7952,05/11/2021,18:25,,,,,,,,87        EAST DRIVE,0.0,0.0,0,0,0,0,0,0,Unspecified,Unspecified,,,,4415922,Bike,Bike,,,
8376,05/13/2021,20:40,,,,,,,,73        WEST DRIVE,1.0,0.0,0,0,1,0,0,0,Traffic Control Disregarded,Unspecified,,,,4416387,Bike,Bike,,,
8826,05/10/2021,16:43,,,,,,WILLIAMSBURG BRIDGE INNER ROADWA,,,3.0,0.0,0,0,3,0,0,0,Unsafe Lane Changing,Pedestrian/Bicyclist/Other Pedestrian Error/Confusion,Unspecified,,,4415260,Bike,Bike,Bike,,
9119,05/11/2021,13:45,,,,,,,,102       WEST DRIVE,1.0,0.0,0,0,1,0,0,0,Turning Improperly,Unspecified,,,,4415677,Bike,Bike,,,
11417,05/19/2021,17:44,,,,,,EAST LAKE DRIVE,LINCOLN ROAD DRIVE,,1.0,0.0,0,0,1,0,0,0,Pedestrian/Bicyclist/Other Pedestrian Error/Confusion,Unspecified,,,,4418279,Bike,Bike,,,
12534,05/23/2021,0:35,,,40.799976,-73.958626,"(40.799976, -73.958626)",CENTRAL PARK WEST,,,1.0,0.0,0,0,1,0,0,0,Unsafe Lane Changing,Unspecified,,,,4419308,Bike,Bike,,,
13218,05/25/2021,20:00,,,,,,,,85        EAST DRIVE,1.0,0.0,0,0,1,0,0,0,Driver Inattention/Distraction,Unspecified,,,,4420363,Bike,Bike,,,
14220,05/27/2021,17:10,BRONX,10454.0,40.805973,-73.91546,"(40.805973, -73.91546)",,,637       EAST 138 STREET,2.0,0.0,0,0,2,0,0,0,Pedestrian/Bicyclist/Other Pedestrian Error/Confusion,Pedestrian/Bicyclist/Other Pedestrian Error/Confusion,,,,4421190,Bike,Bike,,,
14314,05/27/2021,18:30,BROOKLYN,11226.0,40.662407,-73.96516,"(40.662407, -73.96516)",EAST DRIVE,EAST LAKE DRIVE,,2.0,0.0,0,0,2,0,0,0,Pedestrian/Bicyclist/Other Pedestrian Error/Confusion,Pedestrian/Bicyclist/Other Pedestrian Error/Confusion,Pedestrian/Bicyclist/Other Pedestrian Error/Confusion,,,4421240,Bike,Bike,Bike,,
18578,05/22/2021,11:05,MANHATTAN,10029.0,40.788994,-73.94656,"(40.788994, -73.94656)",EAST 102 STREET,3 AVENUE,,0.0,0.0,0,0,0,0,0,0,Pedestrian/Bicyclist/Other Pedestrian Error/Confusion,Pedestrian/Bicyclist/Other Pedestrian Error/Confusion,,,,4426023,Bike,Bike,,,
22514,06/21/2021,20:08,MANHATTAN,10035.0,,,,CENTRAL ROAD,HELL GATE CIRCLE,,1.0,0.0,0,0,1,0,0,0,Unspecified,Unspecified,,,,4429720,Bike,Bike,,,
23629,06/24/2021,14:57,,,,,,QUEENSBORO BRIDGE LOWER ROADWAY,,,1.0,0.0,0,0,1,0,0,0,Passing Too Closely,Unspecified,,,,4430642,Bike,Bike,,,
24174,02/15/2021,20:04,MANHATTAN,10003.0,40.726906,-73.98583,"(40.726906, -73.98583)",,,113       1 AVENUE                      ,1.0,0.0,0,0,1,0,0,0,Unspecified,Unspecified,,,,4392582,Bike,Bike,,,
24843,03/27/2021,23:11,MANHATTAN,10010.0,40.7366,-73.98185,"(40.7366, -73.98185)",EAST 21 STREET                  ,2 AVENUE,,1.0,0.0,0,0,1,0,0,0,Pedestrian/Bicyclist/Other Pedestrian Error/Confusion,Passing or Lane Usage Improper,,,,4403164,Bike,Bike,,,
25373,03/11/2021,16:00,,,,,,,,101       EAST DRIVE                    ,1.0,0.0,0,0,1,0,0,0,Unspecified,Unspecified,,,,4398090,Bike,Bike,,,
27969,03/08/2021,23:05,BROOKLYN,11218.0,40.636677,-73.97314,"(40.636677, -73.97314)",,,488       OCEAN PARKWAY                 ,2.0,0.0,0,0,2,0,0,0,Unspecified,Unspecified,,,,4397537,Bike,Bike,,,
31469,02/26/2021,19:45,BROOKLYN,11221.0,40.689426,-73.94223,"(40.689426, -73.94223)",THROOP AVENUE                   ,GREENE AVENUE,,2.0,0.0,0,0,2,0,0,0,Pedestrian/Bicyclist/Other Pedestrian Error/Confusion,Pedestrian/Bicyclist/Other Pedestrian Error/Confusion,,,,4395201,Bike,Bike,,,
31694,04/13/2021,11:50,MANHATTAN,10000.0,40.769764,-73.97455,"(40.769764, -73.97455)",TRANSVERSE ROAD NUMBER ONE      ,CENTER DRIVE,,0.0,0.0,0,0,0,0,0,0,Brakes Defective,Unspecified,,,,4407324,Bike,Bike,,,
35671,03/12/2021,15:15,,,,,,,,65        CENTER DRIVE                  ,1.0,0.0,0,0,1,0,0,0,Unspecified,Unspecified,,,,4398443,Bike,Bike,,,
36379,03/26/2021,16:30,BROOKLYN,11217.0,40.68122,-73.97542,"(40.68122, -73.97542)",,,212       FLATBUSH AVENUE               ,0.0,0.0,0,0,0,0,0,0,Driver Inattention/Distraction,Unspecified,Unspecified,,,4402030,Bike,Bike,Sedan,,
38275,04/08/2021,15:45,,,40.69613,-73.987114,"(40.69613, -73.987114)",TILLARY STREET                  ,,,1.0,0.0,0,0,1,0,0,0,Failure to Yield Right-of-Way,Failure to Yield Right-of-Way,,,,4405626,Bike,Bike,,,
47545,01/08/2021,9:05,BROOKLYN,11201.0,40.69613,-73.987114,"(40.69613, -73.987114)",JAY STREET                      ,TILLARY STREET,,2.0,0.0,0,0,2,0,0,0,Unspecified,Unspecified,,,,4384353,Bike,Bike,,,
49654,12/13/2020,14:20,,,,,,,,81        WEST DRIVE                    ,0.0,0.0,0,0,0,0,0,0,Pedestrian/Bicyclist/Other Pedestrian Error/Confusion,Pedestrian/Bicyclist/Other Pedestrian Error/Confusion,,,,4376197,Bike,Bike,,,
52651,12/13/2020,16:12,,,40.78722,-73.96793,"(40.78722, -73.96793)",WEST 89 STREET                  ,,,1.0,0.0,0,0,1,0,0,0,Unspecified,Unspecified,,,,4375680,Bike,Bike,,,
57482,11/15/2020,14:25,MANHATTAN,10001.0,40.74777,-74.000404,"(40.74777, -74.000404)",9 AVENUE                        ,WEST 25 STREET,,1.0,0.0,0,0,1,0,0,0,Failure to Yield Right-of-Way,Unspecified,,,,4367710,Bike,Bike,,,
59621,11/08/2020,22:40,MANHATTAN,10016.0,40.741642,-73.97817,"(40.741642, -73.97817)",EAST 29 STREET                  ,2 AVENUE,,1.0,0.0,0,0,1,0,0,0,Driver Inattention/Distraction,Unspecified,,,,4366448,Bike,Bike,,,
64922,10/28/2020,20:25,,,40.796215,-73.94971,"(40.796215, -73.94971)",5 AVENUE                        ,,,1.0,0.0,0,0,1,0,0,0,Traffic Control Disregarded,Unspecified,,,,4362236,Bike,Bike,,,
65516,11/18/2020,6:37,,,,,,EAST DRIVE                      ,102 CROSS DRIVE,,1.0,0.0,0,0,1,0,0,0,Passing or Lane Usage Improper,Unspecified,,,,4368691,Bike,Bike,,,
66892,10/19/2020,18:57,BROOKLYN,11218.0,,,,OCEAN PARKWAY                   ,CORTELYOU ROAD,,1.0,0.0,0,0,1,0,0,0,Unspecified,Unspecified,,,,4360709,Bike,Bike,,,
68663,11/26/2020,19:10,BROOKLYN,11223.0,40.592186,-73.9777,"(40.592186, -73.9777)",86 STREET                       ,WEST 7 STREET,,1.0,0.0,0,0,1,0,0,0,Driver Inattention/Distraction,Unspecified,,,,4371326,Bike,Bike,,,
72026,11/30/2020,2:45,,,40.82326,-73.95277,"(40.82326, -73.95277)",WEST 140 STREET                 ,,,1.0,0.0,0,0,1,0,0,0,Aggressive Driving/Road Rage,Unspecified,,,,4372454,Bike,Bike,,,
73356,10/14/2020,13:15,,,40.691017,-73.954475,"(40.691017, -73.954475)",DE KALB AVENUE                  ,,,1.0,0.0,0,0,1,0,0,0,Driver Inexperience,Unspecified,Unspecified,,,4358907,Bike,Bike,Station Wagon/Sport Utility Vehicle,,
76949,06/19/2021,17:40,,,,,,,,101       EAST DRIVE,1.0,0.0,0,0,1,0,0,0,Unspecified,Unspecified,,,,4434498,Bike,Bike,,,
77261,07/05/2021,17:45,MANHATTAN,10022.0,40.761234,-73.96389,"(40.761234, -73.96389)",2 AVENUE,EAST 60 STREET,,1.0,0.0,0,0,1,0,0,0,Unsafe Lane Changing,Unspecified,,,,4434401,Bike,Bike,,,
78558,07/10/2021,15:30,,,,,,,,101       EAST DRIVE,2.0,0.0,0,0,2,0,0,0,Unsafe Speed,Unsafe Lane Changing,,,,4436097,Bike,Bike,,,
79461,09/04/2020,10:59,,,,,,,,72        WEST DRIVE                    ,1.0,0.0,0,0,1,0,0,0,Unspecified,Unspecified,,,,4344760,Bike,Bike,,,
79653,07/13/2021,12:30,BRONX,10454.0,40.808006,-73.91434,"(40.808006, -73.91434)",EAST 141 STREET,BEEKMAN AVENUE,,1.0,0.0,0,0,1,0,0,0,Driver Inattention/Distraction,Unspecified,,,,4436688,Bike,Bike,,,
80181,07/16/2021,21:28,,,40.7313,-74.01047,"(40.7313, -74.01047)",WEST STREET,,,2.0,0.0,0,0,2,0,0,0,Unspecified,Unspecified,,,,4437809,Bike,Bike,,,
80750,06/30/2020,19:05,,,,,,,,106       WEST DRIVE                    ,0.0,0.0,0,0,0,0,0,0,Unspecified,Unspecified,,,,4324574,Bike,Bike,,,
82026,10/05/2020,12:00,,,,,,West Drive                      ,Grand Army Plaza,,1.0,0.0,0,0,1,0,0,0,Driver Inattention/Distraction,Unspecified,,,,4355037,Bike,Bike,,,
82372,08/28/2020,21:25,BROOKLYN,11249.0,40.714733,-73.96678,"(40.714733, -73.96678)",KENT AVENUE                     ,SOUTH 2 STREET,,1.0,0.0,0,0,1,0,0,0,Passing or Lane Usage Improper,Unspecified,,,,4343116,Bike,Bike,,,
83462,09/25/2020,8:45,,,,,,,,60        WEST DRIVE                    ,0.0,0.0,0,0,0,0,0,0,Pedestrian/Bicyclist/Other Pedestrian Error/Confusion,Unspecified,,,,4351565,Bike,Bike,,,
83485,10/11/2020,23:00,MANHATTAN,10032.0,40.841713,-73.93558,"(40.841713, -73.93558)",AMSTERDAM AVENUE                ,EDGECOMBE AVENUE,,1.0,0.0,0,0,1,0,0,0,Failure to Yield Right-of-Way,Unspecified,,,,4356687,Bike,Bike,,,
83691,10/01/2020,8:20,,,,,,,,85        WEST DRIVE                    ,1.0,0.0,0,0,1,0,0,0,Lost Consciousness,Following Too Closely,,,,4353480,Bike,Bike,,,
85158,08/31/2020,19:45,,,,,,QUEENSBORO BRIDGE LOWER ROADWAY ,,,0.0,0.0,0,0,0,0,0,0,Pedestrian/Bicyclist/Other Pedestrian Error/Confusion,Pedestrian/Bicyclist/Other Pedestrian Error/Confusion,,,,4344254,Bike,Bike,,,
86242,09/02/2020,0:30,,,40.808857,-73.96586,"(40.808857, -73.96586)",RIVERSIDE DRIVE                 ,,,2.0,0.0,0,0,2,0,0,0,Pedestrian/Bicyclist/Other Pedestrian Error/Confusion,Pedestrian/Bicyclist/Other Pedestrian Error/Confusion,,,,4354365,Bike,Bike,,,
86315,08/22/2020,9:10,,,40.696198,-73.98869,"(40.696198, -73.98869)",BROOKLYN BRIDGE                 ,ADAMS STREET,,1.0,0.0,0,0,1,0,0,0,Pedestrian/Bicyclist/Other Pedestrian Error/Confusion,Pedestrian/Bicyclist/Other Pedestrian Error/Confusion,,,,4343435,Bike,Bike,,,
86533,08/24/2020,17:22,BROOKLYN,11206.0,40.703053,-73.942505,"(40.703053, -73.942505)",GRAHAM AVENUE                   ,VARET STREET,,1.0,0.0,0,0,1,0,0,0,Driver Inattention/Distraction,Unspecified,,,,4341364,Bike,Bike,,,
88373,09/09/2020,15:00,BROOKLYN,11249.0,40.71807,-73.96414,"(40.71807, -73.96414)",KENT AVENUE                     ,NORTH 3 STREET,,1.0,0.0,0,0,1,0,0,0,Passing or Lane Usage Improper,Unspecified,,,,4349499,Bike,Bike,,,
89238,09/07/2020,10:15,,,40.708897,-74.00231,"(40.708897, -74.00231)",,,79        EAST DRIVE                    ,1.0,0.0,0,0,1,0,0,0,Following Too Closely,Unspecified,,,,4345692,Bike,Bike,,,
89436,09/10/2020,13:25,,,,,,EAST DRIVE                      ,102 CROSS DRIVE,,1.0,0.0,0,0,1,0,0,0,Pedestrian/Bicyclist/Other Pedestrian Error/Confusion,Pedestrian/Bicyclist/Other Pedestrian Error/Confusion,,,,4346812,Bike,Bike,,,
89730,09/27/2020,13:05,MANHATTAN,10032.0,40.84103,-73.94463,"(40.84103, -73.94463)",WEST 165 STREET                 ,RIVERSIDE DRIVE,,1.0,0.0,0,0,1,0,0,0,Driver Inattention/Distraction,Driver Inattention/Distraction,,,,4352243,Bike,Bike,,,
90485,09/12/2020,14:04,,,,,,,,71        EAST DRIVE                    ,1.0,0.0,0,0,1,0,0,0,Pedestrian/Bicyclist/Other Pedestrian Error/Confusion,Pedestrian/Bicyclist/Other Pedestrian Error/Confusion,,,,4347908,Bike,Bike,,,
92380,09/27/2020,16:40,,,,,,,,91        EAST DRIVE                    ,1.0,0.0,0,0,1,0,0,0,Driver Inattention/Distraction,Driver Inattention/Distraction,,,,4352671,Bike,Bike,,,
93851,08/24/2020,5:50,,,40.746033,-73.93441,"(40.746033, -73.93441)",QUEENS BOULEVARD                ,,,2.0,0.0,0,0,2,0,0,0,Driver Inattention/Distraction,Driver Inattention/Distraction,,,,4341168,Bike,Bike,,,
94629,09/07/2020,21:30,MANHATTAN,10011.0,40.739098,-73.99323,"(40.739098, -73.99323)",,,42        WEST 18 STREET                ,1.0,0.0,0,0,1,0,0,0,Pedestrian/Bicyclist/Other Pedestrian Error/Confusion,Driver Inattention/Distraction,,,,4347175,Bike,Bike,,,
95240,09/08/2020,21:20,,,,,,,,62        WEST DRIVE                    ,1.0,0.0,0,0,1,0,0,0,Passing or Lane Usage Improper,Unspecified,,,,4345954,Bike,Bike,,,
95266,09/21/2020,8:37,,,,,,,,71        EAST DRIVE                    ,1.0,0.0,0,0,1,0,0,0,Driver Inattention/Distraction,Driver Inattention/Distraction,,,,4350373,Bike,Bike,,,
95989,10/05/2020,16:45,,,,,,,,107       EAST DRIVE                    ,1.0,0.0,0,0,1,0,0,0,Pedestrian/Bicyclist/Other Pedestrian Error/Confusion,Driver Inexperience,,,,4355138,Bike,Bike,,,
96108,08/28/2020,14:30,,,,,,WEST DRIVE                      ,WEST LAKE DRIVE,,2.0,0.0,0,0,2,0,0,0,Driver Inattention/Distraction,Driver Inattention/Distraction,,,,4343151,Bike,Bike,,,
96928,09/27/2020,14:38,,,,,,,,72        WEST DRIVE                    ,2.0,0.0,0,0,2,0,0,0,Following Too Closely,Unspecified,Unspecified,,,4352666,Bike,Bike,Bike,,
97721,07/29/2020,19:40,MANHATTAN,10011.0,40.743225,-74.008644,"(40.743225, -74.008644)",11 AVENUE                       ,WEST 15 STREET,,1.0,0.0,0,0,1,0,0,0,Passing Too Closely,Unspecified,,,,4334042,Bike,Bike,,,
98383,07/13/2020,17:00,,,,,,,,102       WEST DRIVE                    ,1.0,0.0,0,0,1,0,0,0,Pedestrian/Bicyclist/Other Pedestrian Error/Confusion,Pedestrian/Bicyclist/Other Pedestrian Error/Confusion,,,,4329407,Bike,Bike,,,
98632,07/14/2020,20:05,,,,,,,,99        WEST DRIVE                    ,1.0,0.0,0,0,1,0,0,0,Passing or Lane Usage Improper,Unspecified,,,,4328619,Bike,Bike,,,
99564,07/06/2020,23:30,,,,,,WILLOUGBY AVENUE                ,CENTRAL AVENUE,,2.0,0.0,0,0,2,0,0,0,Driver Inattention/Distraction,Pedestrian/Bicyclist/Other Pedestrian Error/Confusion,,,,4326218,Bike,Bike,,,
101096,08/09/2020,1:45,BROOKLYN,11226.0,40.65487,-73.96191,"(40.65487, -73.96191)",PARKSIDE AVENUE                 ,OCEAN AVENUE,,2.0,0.0,0,0,2,0,0,0,Unsafe Lane Changing,Unspecified,,,,4343366,Bike,Bike,,,
102492,06/30/2020,18:18,,,,,,,,109       EAST DRIVE                    ,2.0,0.0,0,0,2,0,0,0,Traffic Control Disregarded,Unspecified,,,,4324854,Bike,Bike,,,
102909,07/16/2020,6:33,,,,,,WILLIAMSBURG BRIDGE INNER ROADWA,,,1.0,0.0,0,0,1,0,0,0,Unspecified,Unspecified,,,,4332749,Bike,Bike,,,
103617,07/22/2020,12:00,,,,,,EAST DRIVE                      ,,,0.0,0.0,0,0,0,0,0,0,Driver Inattention/Distraction,Unspecified,,,,4332606,Bike,Bike,,,
106912,08/04/2020,19:00,QUEENS,11368.0,40.748154,-73.85403,"(40.748154, -73.85403)",111 STREET                      ,46 AVENUE,,0.0,0.0,0,0,0,0,0,0,Failure to Yield Right-of-Way,Unspecified,,,,4335520,Bike,Bike,,,
107065,07/02/2020,20:10,,,,,,RIEGALMAN BOARDWALK WEST        ,STILLWELL AVENUE,,1.0,0.0,0,0,1,0,0,0,Unspecified,Unspecified,,,,4343203,Bike,Bike,,,
108347,08/05/2020,23:25,BRONX,10466.0,40.888092,-73.85355,"(40.888092, -73.85355)",EAST 228 STREET                 ,BRONXWOOD AVENUE,,2.0,0.0,0,0,2,0,0,0,Driver Inattention/Distraction,Unspecified,Unspecified,,,4335713,Bike,Bike,,,
108437,07/19/2020,7:10,,,,,,,,103       WEST DRIVE                    ,2.0,0.0,0,0,2,0,0,0,Following Too Closely,Following Too Closely,,,,4330167,Bike,Bike,,,
108566,07/23/2020,8:25,,,,,,,,65        EAST DRIVE                    ,1.0,0.0,0,0,1,0,0,0,Driver Inattention/Distraction,Driver Inattention/Distraction,,,,4334244,Bike,Bike,,,
110993,07/14/2020,19:13,MANHATTAN,10016.0,40.74283,-73.97423,"(40.74283, -73.97423)",,,575       1 AVENUE                      ,1.0,0.0,0,0,1,0,0,0,Driver Inattention/Distraction,Driver Inattention/Distraction,,,,4328909,Bike,Bike,,,
111415,07/24/2020,13:45,MANHATTAN,10028.0,40.776875,-73.94938,"(40.776875, -73.94938)",EAST 86 STREET                  ,1 AVENUE,,0.0,0.0,0,0,0,0,0,0,Following Too Closely,Unspecified,,,,4333220,Bike,Bike,,,
112772,07/16/2020,18:00,QUEENS,11377.0,40.757847,-73.89922,"(40.757847, -73.89922)",31 AVENUE                       ,68 STREET,,2.0,0.0,0,0,2,0,0,0,Unspecified,Unspecified,Unspecified,,,4329813,Bike,Bike,,,
113391,05/02/2020,19:45,,,,,,WESTMINISTER ROAD               ,FOSTER AVENUE,,1.0,0.0,0,0,1,0,0,0,Unspecified,Unspecified,,,,4311393,Bike,Bike,,,
113518,06/21/2020,9:25,MANHATTAN,10032.0,40.83856,-73.94586,"(40.83856, -73.94586)",WEST 162 STREET                 ,RIVERSIDE DRIVE,,0.0,0.0,0,0,0,0,0,0,Pavement Defective,Pavement Defective,,,,4321765,Bike,Bike,,,
114869,06/14/2020,18:05,,,40.799145,-73.972534,"(40.799145, -73.972534)",RIVERSIDE DRIVE                 ,,,2.0,0.0,0,0,2,0,0,0,Driver Inattention/Distraction,Unspecified,Unspecified,,,4319878,Bike,Bike,Bike,,
116355,05/24/2020,14:50,,,,,,WEST DRIVE                      ,9 STREET,,0.0,0.0,0,0,0,0,0,0,Following Too Closely,Unspecified,,,,4315506,Bike,Bike,,,
116752,06/20/2020,19:50,QUEENS,11368.0,40.74418,-73.851906,"(40.74418, -73.851906)",111 STREET                      ,52 AVENUE,,1.0,0.0,0,0,1,0,0,0,Driver Inattention/Distraction,Driver Inattention/Distraction,,,,4321961,Bike,Bike,,,
117313,05/31/2020,1:40,QUEENS,11372.0,40.754913,-73.8737,"(40.754913, -73.8737)",,,94-06     34 AVENUE                     ,0.0,0.0,0,0,0,0,0,0,Driver Inattention/Distraction,Pedestrian/Bicyclist/Other Pedestrian Error/Confusion,Pedestrian/Bicyclist/Other Pedestrian Error/Confusion,,,4317544,Bike,Bike,,,
117503,06/28/2020,17:45,QUEENS,11106.0,40.763733,-73.9414,"(40.763733, -73.9414)",VERNON BOULEVARD                ,35 AVENUE,,1.0,0.0,0,0,1,0,0,0,Passing or Lane Usage Improper,Unspecified,,,,4323828,Bike,Bike,,,
122308,05/13/2020,17:20,,,40.672848,-73.9675,"(40.672848, -73.9675)",EASTERN PARKWAY                 ,,,2.0,0.0,0,0,2,0,0,0,Driver Inattention/Distraction,Driver Inattention/Distraction,,,,4314317,Bike,Bike,,,
122768,06/10/2020,20:29,MANHATTAN,10069.0,,,,WEST 63 STREET                  ,RIVERSIDE BOULEVARD,,1.0,0.0,0,0,1,0,0,0,Driver Inattention/Distraction,Driver Inattention/Distraction,,,,4324651,Bike,Bike,,,
122804,06/26/2020,16:15,,,,,,,,86        WEST DRIVE                    ,2.0,0.0,0,0,2,0,0,0,Following Too Closely,Unspecified,,,,4324021,Bike,Bike,,,
123292,06/13/2020,20:00,MANHATTAN,10029.0,40.79507,-73.93919,"(40.79507, -73.93919)",2 AVENUE                        ,EAST 113 STREET,,1.0,0.0,0,0,1,0,0,0,Traffic Control Disregarded,Unspecified,,,,4326344,Bike,Bike,,,
124517,05/14/2020,10:50,,,,,,,,60        WEST DRIVE                    ,1.0,0.0,0,0,1,0,0,0,Passing or Lane Usage Improper,Following Too Closely,,,,4314172,Bike,Bike,,,
125178,06/07/2020,13:17,BROOKLYN,11215.0,40.674,-73.982285,"(40.674, -73.982285)",5 AVENUE                        ,1 STREET,,2.0,0.0,0,0,2,0,0,0,Pedestrian/Bicyclist/Other Pedestrian Error/Confusion,Pedestrian/Bicyclist/Other Pedestrian Error/Confusion,,,,4318528,Bike,Bike,,,
126067,04/19/2020,9:14,,,,,,WEST 104 STREET                 ,HENRY HUDSON PARKWAY,,2.0,0.0,0,0,2,0,0,0,Passenger Distraction,Driver Inattention/Distraction,,,,4309487,Bike,Bike,,,
126106,06/16/2020,21:30,BROOKLYN,11222.0,40.72377,-73.9508,"(40.72377, -73.9508)",MANHATTAN AVENUE                ,NASSAU AVENUE,,1.0,0.0,0,0,1,0,0,0,Following Too Closely,Aggressive Driving/Road Rage,,,,4321848,Bike,Bike,,,
126277,05/16/2020,5:20,BROOKLYN,11212.0,40.661015,-73.90853,"(40.661015, -73.90853)",ROCKAWAY AVENUE                 ,RIVERDALE AVENUE,,2.0,0.0,0,0,2,0,0,0,Failure to Yield Right-of-Way,Unspecified,Unspecified,,,4314075,Bike,Bike,,,
126774,06/06/2020,11:24,,,40.837315,-73.934044,"(40.837315, -73.934044)",HARLEM RIVER DRIVE              ,,,1.0,0.0,0,0,1,0,0,0,Obstruction/Debris,Obstruction/Debris,,,,4318348,Bike,Bike,,,
127695,06/07/2020,23:15,BRONX,10454.0,40.810402,-73.92196,"(40.810402, -73.92196)",EAST 140 STREET                 ,WILLIS AVENUE,,2.0,0.0,0,0,2,0,0,0,Unspecified,Unspecified,,,,4318415,Bike,Bike,,,
127848,05/27/2020,18:30,,,,,,,,72        WEST DRIVE                    ,1.0,0.0,0,0,1,0,0,0,Outside Car Distraction,Unspecified,,,,4316287,Bike,Bike,,,
131397,03/19/2020,16:40,BROOKLYN,11205.0,40.697838,-73.97077,"(40.697838, -73.97077)",FLUSHING AVENUE                 ,VANDERBILT AVENUE,,2.0,0.0,0,0,2,0,0,0,Driver Inattention/Distraction,Driver Inattention/Distraction,,,,4302412,Bike,Bike,,,
134166,03/08/2020,21:40,,,40.801754,-73.93121,"(40.801754, -73.93121)",EAST 125 STREET                 ,1 AVENUE,,2.0,0.0,0,0,2,0,0,0,Unspecified,Unspecified,,,,4306269,Bike,Bike,,,
137345,02/22/2020,16:17,,,40.812138,-73.96636,"(40.812138, -73.96636)",HENRY HUDSON PARKWAY            ,,,0.0,0.0,0,0,0,0,0,0,Unsafe Speed,Unspecified,,,,4292177,Bike,Bike,,,
138145,03/09/2020,11:55,BROOKLYN,11220.0,40.61143,-74.03485,"(40.61143, -74.03485)",SHORE ROAD                      ,4 AVENUE,,1.0,0.0,0,0,1,0,0,0,Unspecified,Unspecified,,,,4306543,Bike,Bike,,,
153408,01/22/2020,13:49,MANHATTAN,10001.0,40.74881,-74.000946,"(40.74881, -74.000946)",,,428       WEST 26 STREET                ,1.0,0.0,0,0,1,0,0,0,Passing Too Closely,Unspecified,,,,4278033,Bike,Bike,,,
176291,12/29/2019,11:31,,,,,,,,95        EAST DRIVE                    ,1.0,0.0,0,0,1,0,0,0,Pedestrian/Bicyclist/Other Pedestrian Error/Confusion,Unspecified,,,,4266322,Bike,Bike,,,
181026,11/21/2019,16:07,MANHATTAN,10023.0,40.78031,-73.98569,"(40.78031, -73.98569)",WEST 72 STREET                  ,RIVERSIDE DRIVE,,1.0,0.0,0,0,1,0,0,0,Driver Inattention/Distraction,Driver Inattention/Distraction,,,,4245360,Bike,Bike,,,
197209,11/01/2019,7:30,,,,,,,,77        WEST DRIVE                    ,1.0,0.0,0,0,1,0,0,0,Driver Inattention/Distraction,Driver Inattention/Distraction,,,,4233102,Bike,Bike,,,
215689,10/05/2019,14:58,MANHATTAN,10000.0,40.784473,-73.967224,"(40.784473, -73.967224)",TRANSVERSE ROAD NUMBER THREE    ,WEST DRIVE,,1.0,0.0,0,0,1,0,0,0,Pedestrian/Bicyclist/Other Pedestrian Error/Confusion,Unspecified,,,,4218696,Bike,Bike,,,
219656,09/22/2019,12:00,MANHATTAN,10014.0,40.735302,-74.00994,"(40.735302, -74.00994)",WEST 11 STREET                  ,WEST STREET,,1.0,0.0,0,0,1,0,0,0,Pedestrian/Bicyclist/Other Pedestrian Error/Confusion,Unspecified,,,,4210605,Bike,Bike,,,
219870,10/14/2019,9:35,,,40.675644,-73.94161,"(40.675644, -73.94161)",KINGSTON AVENUE                 ,,,0.0,0.0,0,0,0,0,0,0,Turning Improperly,Unspecified,,,,4246310,Bike,Bike,,,
221296,09/22/2019,14:20,,,,,,,,107       WEST DRIVE                    ,0.0,0.0,0,0,0,0,0,0,Driver Inattention/Distraction,Unspecified,,,,4210646,Bike,Bike,,,
222899,10/05/2019,1:50,,,,,,WILLIAMSBURG BRIDGE OUTER ROADWA,,,1.0,0.0,0,0,1,0,0,0,Driver Inattention/Distraction,Unspecified,,,,4218865,Bike,Bike,,,
226267,10/02/2019,7:30,,,,,,,,79        WEST DRIVE                    ,0.0,0.0,0,0,0,0,0,0,Failure to Yield Right-of-Way,Unspecified,,,,4216353,Bike,Bike,,,
226521,09/20/2019,16:45,,,40.734688,-73.99998,"(40.734688, -73.99998)",WEST 10 STREET                  ,,,1.0,0.0,0,0,1,0,0,0,Pedestrian/Bicyclist/Other Pedestrian Error/Confusion,Unspecified,,,,4209851,Bike,Bike,,,
228846,09/17/2019,17:45,MANHATTAN,10021.0,40.768486,-73.955505,"(40.768486, -73.955505)",1 AVENUE                        ,EAST 73 STREET,,1.0,0.0,0,0,1,0,0,0,Passing Too Closely,Unspecified,,,,4207718,Bike,Bike,,,
230545,09/17/2019,1:02,MANHATTAN,10011.0,40.74756,-74.00786,"(40.74756, -74.00786)",WEST 21 STREET                  ,11 AVENUE,,0.0,0.0,0,0,0,0,0,0,Pedestrian/Bicyclist/Other Pedestrian Error/Confusion,Unspecified,,,,4207617,Bike,Bike,,,
233459,08/27/2019,7:25,,,,,,,,57        WEST DRIVE                    ,1.0,0.0,0,0,1,0,0,0,Reaction to Uninvolved Vehicle,Pedestrian/Bicyclist/Other Pedestrian Error/Confusion,,,,4196149,Bike,Bike,,,
236602,07/09/2019,18:28,BROOKLYN,11226.0,,,,,,171       east drive                    ,2.0,0.0,0,0,2,0,0,0,Passing or Lane Usage Improper,Unspecified,,,,4167424,Bike,Bike,,,
236777,08/29/2019,17:37,MANHATTAN,10010.0,40.738953,-73.98012,"(40.738953, -73.98012)",,,434       2 AVENUE                      ,1.0,0.0,0,0,1,0,0,0,Pedestrian/Bicyclist/Other Pedestrian Error/Confusion,Unspecified,,,,4197210,Bike,Bike,,,
240624,09/08/2019,23:45,,,40.688667,-73.87548,"(40.688667, -73.87548)",JAMAICA AVENUE                  ,EUCLID AVENUE,,2.0,0.0,0,0,2,0,0,0,Traffic Control Disregarded,Unspecified,Unspecified,,,4203328,Bike,Bike,,,
240905,08/26/2019,17:30,,,,,,,,71        EAST DRIVE                    ,1.0,0.0,0,0,1,0,0,0,Passing or Lane Usage Improper,Unspecified,,,,4195567,Bike,Bike,,,
242175,08/24/2019,10:58,,,,,,,,79        WEST DRIVE                    ,2.0,0.0,0,0,2,0,0,0,Driver Inattention/Distraction,Driver Inattention/Distraction,,,,4194122,Bike,Bike,,,
243212,08/18/2019,17:05,,,40.82309,-73.956345,"(40.82309, -73.956345)",WEST 138 STREET                 ,,,2.0,0.0,0,0,2,0,0,0,Pedestrian/Bicyclist/Other Pedestrian Error/Confusion,Pedestrian/Bicyclist/Other Pedestrian Error/Confusion,,,,4191424,Bike,Bike,,,
245369,09/08/2019,17:40,BROOKLYN,11238.0,40.672733,-73.96966,"(40.672733, -73.96966)",WEST DRIVE                      ,PLAZA STREET WEST,,2.0,0.0,0,0,2,0,0,0,Following Too Closely,Unspecified,,,,4206274,Bike,Bike,,,
247615,07/29/2019,12:50,MANHATTAN,10016.0,40.741535,-73.98117,"(40.741535, -73.98117)",,,379       3 AVENUE                      ,0.0,0.0,0,0,0,0,0,0,Driver Inattention/Distraction,Unspecified,,,,4179207,Bike,Bike,,,
249577,08/01/2019,7:20,,,40.70766,-73.78773,"(40.70766, -73.78773)",JAMAICA AVENUE                  ,172 STREET,,1.0,0.0,0,0,1,0,0,0,Driver Inattention/Distraction,Unspecified,,,,4185891,Bike,Bike,,,
250531,08/04/2019,14:00,MANHATTAN,10009.0,40.725796,-73.986626,"(40.725796, -73.986626)",1 AVENUE                        ,EAST 5 STREET,,1.0,0.0,0,0,1,0,0,0,Other Vehicular,Passing or Lane Usage Improper,,,,4183736,Bike,Bike,,,
250977,08/04/2019,21:00,,,40.743214,-73.95135,"(40.743214, -73.95135)",PULASKI BRIDGE                  ,JACKSON AVENUE,,2.0,0.0,0,0,2,0,0,0,Passing or Lane Usage Improper,Driver Inattention/Distraction,,,,4183428,Bike,Bike,,,
256228,07/30/2019,18:02,,,40.71997,-73.992905,"(40.71997, -73.992905)",CHRYSTIE STREET                 ,,,1.0,0.0,0,0,1,0,0,0,Driver Inattention/Distraction,Unspecified,,,,4180325,Bike,Bike,,,
256341,08/06/2019,18:50,,,,,,EAST DRIVE                      ,LINCOLN ROAD DRIVE,,1.0,0.0,0,0,1,0,0,0,Failure to Yield Right-of-Way,Unspecified,,,,4184098,Bike,Bike,,,
256742,08/05/2019,20:00,QUEENS,11103.0,40.764267,-73.9158,"(40.764267, -73.9158)",30 AVENUE                       ,38 STREET,,1.0,0.0,0,0,1,0,0,0,Pedestrian/Bicyclist/Other Pedestrian Error/Confusion,Pedestrian/Bicyclist/Other Pedestrian Error/Confusion,,,,4183999,Bike,Bike,,,
257366,07/24/2019,7:45,MANHATTAN,10022.0,40.76023,-73.961525,"(40.76023, -73.961525)",1 AVENUE                        ,EAST 60 STREET,,1.0,0.0,0,0,1,0,0,0,Unspecified,Unspecified,,,,4176049,Bike,Bike,,,
260552,08/11/2019,17:00,,,,,,,,97        EAST DRIVE                    ,1.0,0.0,0,0,1,0,0,0,Driver Inattention/Distraction,Unspecified,Unspecified,,,4187244,Bike,Bike,Bike,,
262001,07/25/2019,15:55,BRONX,10458.0,40.860554,-73.89464,"(40.860554, -73.89464)",EAST 188 STREET                 ,ELM PLACE,,1.0,0.0,0,0,1,0,0,0,Passing or Lane Usage Improper,Unspecified,,,,4177174,Bike,Bike,,,
262526,07/24/2019,13:45,QUEENS,11368.0,40.752747,-73.864174,"(40.752747, -73.864174)",,,37-81     103 STREET                    ,1.0,0.0,0,0,1,0,0,0,Pedestrian/Bicyclist/Other Pedestrian Error/Confusion,Pedestrian/Bicyclist/Other Pedestrian Error/Confusion,,,,4178051,Bike,Bike,,,
263800,06/30/2019,15:00,,,,,,,,95        WEST DRIVE                    ,0.0,0.0,0,0,0,0,0,0,Unspecified,Unspecified,,,,4167397,Bike,Bike,,,
263843,07/03/2019,14:25,MANHATTAN,10000.0,40.77509,-73.96821,"(40.77509, -73.96821)",,,7401      EAST DRIVE                    ,1.0,0.0,0,0,1,0,0,0,Unspecified,Unspecified,,,,4164291,Bike,Bike,,,
265842,07/15/2019,19:35,,,40.79531,-73.93592,"(40.79531, -73.93592)",EAST 115 STREET                 ,,,1.0,0.0,0,0,1,0,0,0,Passing or Lane Usage Improper,Unspecified,,,,4173633,Bike,Bike,,,
268040,06/26/2019,20:45,,,40.72931,-73.997894,"(40.72931, -73.997894)",WEST 3 STREET                   ,,,1.0,0.0,0,0,1,0,0,0,Pedestrian/Bicyclist/Other Pedestrian Error/Confusion,Pedestrian/Bicyclist/Other Pedestrian Error/Confusion,,,,4162085,Bike,Bike,,,
269147,07/07/2019,15:10,MANHATTAN,10022.0,40.756763,-73.96716,"(40.756763, -73.96716)",2 AVENUE                        ,EAST 53 STREET,,1.0,0.0,0,0,1,0,0,0,Passing or Lane Usage Improper,Unspecified,,,,4165675,Bike,Bike,,,
269626,06/26/2019,11:30,,,,,,,,65        EAST DRIVE                    ,1.0,0.0,0,0,1,0,0,0,Unsafe Lane Changing,Unspecified,,,,4159145,Bike,Bike,,,
272102,07/15/2019,20:45,BROOKLYN,11208.0,40.683346,-73.88651,"(40.683346, -73.88651)",CLEVELAND STREET                ,JAMAICA AVENUE,,2.0,0.0,0,0,2,0,0,0,Unspecified,Unspecified,,,,4171380,Bike,Bike,,,
278589,07/02/2019,8:30,,,,,,WEST DRIVE                      ,9 street,,2.0,0.0,0,0,2,0,0,0,Following Too Closely,Unspecified,,,,4163575,Bike,Bike,,,
279935,06/24/2019,19:14,QUEENS,11419.0,40.681675,-73.8328,"(40.681675, -73.8328)",108 STREET                      ,107 AVENUE,,1.0,0.0,0,0,1,0,0,0,Failure to Yield Right-of-Way,Unspecified,,,,4157958,Bike,Bike,,,
284676,06/12/2019,19:00,,,,,,,,WILLIAMSBURG BRIGDE BIKE PATH           ,1.0,0.0,0,0,1,0,0,0,Turning Improperly,Unspecified,,,,4151062,Bike,Bike,,,
285791,06/15/2019,15:20,,,,,,,,59        EAST DRIVE                    ,2.0,0.0,0,0,2,0,0,0,Driver Inattention/Distraction,Unspecified,,,,4152228,Bike,Bike,,,
286780,06/09/2019,14:10,,,,,,,,73        WEST DRIVE                    ,0.0,0.0,0,0,0,0,0,0,Unsafe Speed,Unspecified,,,,4148467,Bike,Bike,,,
287487,06/04/2019,14:15,MANHATTAN,10003.0,40.731834,-73.985306,"(40.731834, -73.985306)",,,218       2 AVENUE                      ,1.0,0.0,0,0,1,0,0,0,Passing or Lane Usage Improper,Unspecified,,,,4146047,Bike,Bike,,,
287854,06/15/2019,22:15,,,,,,MANHATTAN BR UPPER              ,,,1.0,0.0,0,0,1,0,0,0,Pedestrian/Bicyclist/Other Pedestrian Error/Confusion,Failure to Yield Right-of-Way,,,,4152097,Bike,Bike,,,
290132,06/06/2019,17:20,,,40.732403,-74.0102,"(40.732403, -74.0102)",WEST STREET                     ,,,1.0,0.0,0,0,1,0,0,0,Passing or Lane Usage Improper,Unspecified,,,,4147079,Bike,Bike,,,
292783,06/06/2019,18:00,BROOKLYN,11249.0,40.71977,-73.96232,"(40.71977, -73.96232)",KENT AVENUE                     ,NORTH 6 STREET,,1.0,0.0,0,0,1,0,0,0,Reaction to Uninvolved Vehicle,Reaction to Uninvolved Vehicle,,,,4148522,Bike,Bike,,,
295445,06/16/2019,10:35,BROOKLYN,11249.0,40.719227,-73.962906,"(40.719227, -73.962906)",NORTH 5 STREET                  ,KENT AVENUE,,1.0,0.0,0,0,1,0,0,0,Driver Inattention/Distraction,Driver Inattention/Distraction,,,,4152312,Bike,Bike,,,
296019,06/12/2019,20:20,,,,,,BROOKLYN BRIDGE                 ,,,1.0,0.0,0,0,1,0,0,0,Unspecified,Unspecified,,,,4150355,Bike,Bike,,,
300759,05/23/2019,20:00,,,40.73975,-74.00253,"(40.73975, -74.00253)",WEST 14 STREET                  ,,,1.0,0.0,0,0,1,0,0,0,Driver Inattention/Distraction,Unspecified,,,,4142963,Bike,Bike,,,
300788,05/03/2019,17:10,MANHATTAN,10003.0,40.733524,-73.989876,"(40.733524, -73.989876)",EAST 13 STREET                  ,4 AVENUE,,1.0,0.0,0,0,1,0,0,0,Traffic Control Disregarded,Unspecified,,,,4126397,Bike,Bike,,,
300886,05/07/2019,17:10,,,,,,MANHATTAN BR UPPER              ,,,1.0,0.0,0,0,1,0,0,0,Passing or Lane Usage Improper,Unspecified,,,,4128139,Bike,Bike,,,
311577,05/17/2019,6:30,MANHATTAN,10011.0,40.744724,-74.008385,"(40.744724, -74.008385)",11 AVENUE                       ,WEST 17 STREET,,1.0,0.0,0,0,1,0,0,0,Driver Inattention/Distraction,Unspecified,,,,4135784,Bike,Bike,,,
313687,04/15/2019,16:50,BROOKLYN,11226.0,40.651817,-73.9603,"(40.651817, -73.9603)",,,100       EAST 21 STREET                ,1.0,0.0,0,0,1,0,0,0,Driver Inattention/Distraction,Driver Inattention/Distraction,,,,4115248,Bike,Bike,,,
316926,04/16/2019,12:30,,,40.754093,-73.99209,"(40.754093, -73.99209)",8 AVENUE                        ,,,1.0,0.0,0,0,1,0,0,0,Pedestrian/Bicyclist/Other Pedestrian Error/Confusion,Unspecified,,,,4117269,Bike,Bike,,,
321795,04/28/2019,14:00,,,40.721424,-73.96054,"(40.721424, -73.96054)",,,KENT AVENUE                             ,1.0,0.0,0,0,1,0,0,0,Pedestrian/Bicyclist/Other Pedestrian Error/Confusion,Pedestrian/Bicyclist/Other Pedestrian Error/Confusion,,,,4121783,Bike,Bike,,,
324611,04/17/2019,19:59,MANHATTAN,10002.0,40.72098,-73.98696,"(40.72098, -73.98696)",ESSEX STREET                    ,STANTON STREET,,2.0,0.0,0,0,2,0,0,0,Driver Inattention/Distraction,Unspecified,,,,4116499,Bike,Bike,,,
327791,04/19/2019,20:40,BROOKLYN,11206.0,40.694557,-73.94325,"(40.694557, -73.94325)",THROOP AVENUE                   ,WILLOUGHBY AVENUE,,0.0,0.0,0,0,0,0,0,0,Driver Inattention/Distraction,Unspecified,,,,4118510,Bike,Bike,,,
331758,03/30/2019,3:05,,,40.658535,-73.97328,"(40.658535, -73.97328)",WEST DRIVE                      ,,,1.0,0.0,0,0,1,0,0,0,Following Too Closely,Driver Inattention/Distraction,,,,4106423,Bike,Bike,,,
334181,03/25/2019,16:50,,,40.796215,-73.94971,"(40.796215, -73.94971)",EAST 109 STREET                 ,,,1.0,0.0,0,0,1,0,0,0,Pedestrian/Bicyclist/Other Pedestrian Error/Confusion,Unspecified,,,,4103263,Bike,Bike,,,
337720,03/23/2019,11:45,MANHATTAN,10032.0,40.837803,-73.94215,"(40.837803, -73.94215)",WEST 163 STREET                 ,BROADWAY,,0.0,0.0,0,0,0,0,0,0,Traffic Control Disregarded,Unspecified,,,,4102437,Bike,Bike,,,
339171,03/16/2019,16:50,MANHATTAN,10003.0,40.733967,-73.98062,"(40.733967, -73.98062)",,,315       1 AVENUE                      ,1.0,0.0,0,0,1,0,0,0,Passing or Lane Usage Improper,Unspecified,,,,4098174,Bike,Bike,,,
355068,02/28/2019,23:00,,,40.76411,-73.9885,"(40.76411, -73.9885)",9 AVENUE                        ,,,0.0,0.0,0,0,0,0,0,0,Unspecified,Unspecified,,,,4088839,Bike,Bike,,,
360095,02/10/2019,22:05,BROOKLYN,11205.0,40.69339,-73.9764,"(40.69339, -73.9764)",,,295       MYRTLE AVENUE                 ,1.0,0.0,0,0,1,0,0,0,Unspecified,Unspecified,,,,4078575,Bike,Bike,,,
376008,01/11/2019,11:20,,,40.658546,-73.99634,"(40.658546, -73.99634)",26 STREET                       ,,,1.0,0.0,0,0,1,0,0,0,Failure to Yield Right-of-Way,Unspecified,,,,4058518,Bike,Bike,,,
376977,01/26/2019,23:30,MANHATTAN,10017.0,40.75144,-73.97397,"(40.75144, -73.97397)",3 AVENUE                        ,EAST 43 STREET,,2.0,0.0,0,0,2,0,0,0,Driver Inattention/Distraction,Unspecified,,,,4071143,Bike,Bike,,,
380894,12/18/2018,18:35,MANHATTAN,10022.0,40.758373,-73.971,"(40.758373, -73.971)",LEXINGTON AVENUE                ,EAST 53 STREET,,1.0,0.0,0,0,1,0,0,0,Driver Inattention/Distraction,Unspecified,,,,4048317,Bike,Bike,,,
383878,01/01/2019,15:30,,,,,,,,79        WEST DRIVE                    ,1.0,0.0,0,0,1,0,0,0,Passing or Lane Usage Improper,Driver Inexperience,,,,4060555,Bike,Bike,,,
399662,11/28/2018,22:15,,,40.67738,-73.92824,"(40.67738, -73.92824)",ATLANTIC AVENUE                 ,,,1.0,0.0,0,0,1,0,0,0,Driver Inattention/Distraction,Unspecified,,,,4055774,Bike,Bike,,,
432231,09/22/2018,19:47,BROOKLYN,11233.0,40.68224,-73.913376,"(40.68224, -73.913376)",,,466       CHAUNCEY STREET               ,1.0,0.0,0,0,1,0,0,0,Other Vehicular,Turning Improperly,,,,3987000,Bike,Bike,,,
434523,09/27/2018,10:45,,,,,,WILLIAMSBURG BRIDGE INNER ROADWA,,,2.0,0.0,0,0,2,0,0,0,Driver Inattention/Distraction,Driver Inattention/Distraction,,,,3989373,Bike,Bike,,,
436629,10/14/2018,8:55,MANHATTAN,10023.0,40.771248,-73.98338,"(40.771248, -73.98338)",,,61        COLUMBUS AVENUE               ,1.0,0.0,0,0,1,0,0,0,Unsafe Speed,Unspecified,,,,4000296,Bike,Bike,,,
437505,10/10/2018,14:50,BROOKLYN,11206.0,40.6961,-73.943,"(40.6961, -73.943)",,,979       MYRTLE AVENUE                 ,1.0,0.0,0,0,1,0,0,0,Unspecified,,,,,3998339,Bike,Bike,,,
442214,09/30/2018,14:10,,,40.672733,-73.96966,"(40.672733, -73.96966)",WEST DRIVE                      ,,,2.0,0.0,0,0,2,0,0,0,Unsafe Speed,Unsafe Lane Changing,,,,3990930,Bike,Bike,,,
444455,10/05/2018,18:36,,,,,,EAST FORDHAM ROAD               ,,,1.0,0.0,0,0,1,0,0,0,Unspecified,Unspecified,,,,3994413,Bike,Bike,,,
445477,09/22/2018,14:00,BROOKLYN,11215.0,40.66617,-73.988815,"(40.66617, -73.988815)",14 STREET                       ,5 AVENUE,,1.0,0.0,0,0,1,0,0,0,Driver Inattention/Distraction,Unspecified,,,,3986278,Bike,Bike,,,
445609,09/22/2018,15:50,QUEENS,11103.0,40.76654,-73.91599,"(40.76654, -73.91599)",,,36-14     28 AVENUE                     ,1.0,0.0,0,0,1,0,0,0,Driver Inattention/Distraction,Unspecified,,,,3986293,Bike,Bike,,,
447525,09/14/2018,15:55,BROOKLYN,11206.0,40.701378,-73.93912,"(40.701378, -73.93912)",,,835       FLUSHING AVENUE               ,1.0,0.0,0,0,1,0,0,0,Pedestrian/Bicyclist/Other Pedestrian Error/Confusion,Unspecified,,,,3982290,Bike,Bike,,,
452845,09/03/2018,22:10,MANHATTAN,10003.0,40.73154,-73.99164,"(40.73154, -73.99164)",,,781       BROADWAY                      ,2.0,0.0,0,0,2,0,0,0,Driver Inattention/Distraction,Unspecified,,,,3973333,Bike,Bike,,,
455004,08/30/2018,15:00,,,,,,,,59        CENTER DRIVE                  ,0.0,0.0,0,0,0,0,0,0,Driver Inexperience,Unspecified,,,,3972067,Bike,Bike,,,
456286,09/17/2018,2:15,BROOKLYN,11206.0,40.701714,-73.943596,"(40.701714, -73.943596)",,,690       BROADWAY                      ,0.0,0.0,0,0,0,0,0,0,Unspecified,Unspecified,,,,3982420,Bike,Bike,,,
456422,08/30/2018,18:25,MANHATTAN,10002.0,40.718143,-73.993835,"(40.718143, -73.993835)",CHRYSTIE STREET                 ,GRAND STREET,,2.0,0.0,0,0,2,0,0,0,Passing or Lane Usage Improper,Unspecified,,,,3971367,Bike,Bike,,,
459525,09/07/2018,20:05,,,40.7083,-74.01125,"(40.7083, -74.01125)",BROADWAY                        ,,,1.0,0.0,0,0,1,0,0,0,Passing or Lane Usage Improper,Unspecified,,,,3976765,Bike,Bike,,,
459727,09/18/2018,0:00,,,40.718555,-73.988205,"(40.718555, -73.988205)",DELANCEY STREET                 ,,,2.0,0.0,0,0,2,0,0,0,Driver Inattention/Distraction,Driver Inattention/Distraction,,,,3983382,Bike,Bike,,,
463898,08/03/2018,19:05,,,,,,OCEAN PROMENADE                 ,BEACH 95 STREET,,2.0,0.0,0,0,2,0,0,0,Unspecified,Unspecified,,,,3954622,Bike,Bike,,,
467314,08/06/2018,19:50,BROOKLYN,11220.0,40.644547,-74.01091,"(40.644547, -74.01091)",51 STREET                       ,5 AVENUE,,1.0,0.0,0,0,1,0,0,0,Unspecified,,,,,3956045,Bike,Bike,,,
471585,08/19/2018,20:23,,,40.67118,-73.96934,"(40.67118, -73.96934)",EAST DRIVE                      ,WEST DRIVE,,1.0,0.0,0,0,1,0,0,0,Passing or Lane Usage Improper,Unspecified,,,,3981819,Bike,Bike,,,
471874,08/14/2018,20:55,,,40.70683,-73.9684,"(40.70683, -73.9684)",KENT AVENUE                     ,,,1.0,0.0,0,0,1,0,0,0,Passenger Distraction,Unspecified,,,,3961646,Bike,Bike,,,
472187,08/23/2018,17:20,MANHATTAN,10065.0,40.760857,-73.961075,"(40.760857, -73.961075)",EAST 61 STREET                  ,1 AVENUE,,1.0,0.0,0,0,1,0,0,0,Driver Inattention/Distraction,Unspecified,,,,3980594,Bike,Bike,,,
472352,08/12/2018,23:35,,,40.802486,-73.9309,"(40.802486, -73.9309)",1 AVENUE                        ,,,2.0,0.0,0,0,2,0,0,0,Alcohol Involvement,Unspecified,,,,3960637,Bike,Bike,,,
475366,08/17/2018,17:40,BROOKLYN,11219.0,40.642937,-73.99465,"(40.642937, -73.99465)",42 STREET                       ,10 AVENUE,,2.0,0.0,0,0,2,0,0,0,Unspecified,Unspecified,,,,3964045,Bike,Bike,,,
479295,07/31/2018,15:40,,,40.817387,-73.92277,"(40.817387, -73.92277)",EAST 149 STREET                 ,,,0.0,0.0,0,0,0,0,0,0,Driver Inattention/Distraction,Unspecified,Unspecified,,,3952190,Bike,Bike,,,
479471,08/01/2018,20:20,,,40.774292,-73.95127,"(40.774292, -73.95127)",EAST 82 STREET                  ,,,0.0,0.0,0,0,0,0,0,0,Lane Marking Improper/Inadequate,Unspecified,,,,3960249,Bike,Bike,,,
480714,06/14/2018,7:15,,,,,,,,77        EAST DRIVE                    ,1.0,0.0,0,0,1,0,0,0,Reaction to Uninvolved Vehicle,View Obstructed/Limited,,,,3920948,Bike,Bike,,,
480862,07/28/2018,3:13,BROOKLYN,11205.0,40.697716,-73.967735,"(40.697716, -73.967735)",FLUSHING AVENUE                 ,WASHINGTON AVENUE,,1.0,0.0,0,0,1,0,0,0,Pedestrian/Bicyclist/Other Pedestrian Error/Confusion,Unspecified,,,,3949695,Bike,Bike,,,
481211,07/20/2018,7:58,MANHATTAN,10128.0,40.78294,-73.948044,"(40.78294, -73.948044)",2 AVENUE                        ,EAST 94 STREET,,0.0,0.0,0,0,0,0,0,0,Driver Inattention/Distraction,Unspecified,,,,3945793,Bike,Bike,,,
481906,07/10/2018,7:20,,,40.75834,-73.95775,"(40.75834, -73.95775)",QUEENSBORO BRIDGE LOWER ROADWAY ,,,1.0,0.0,0,0,1,0,0,0,Alcohol Involvement,Unspecified,,,,3938417,Bike,Bike,,,
482310,07/08/2018,17:30,,,,,,,,79        WEST DRIVE                    ,1.0,0.0,0,0,1,0,0,0,Following Too Closely,Unspecified,Unspecified,,,3939200,Bike,Bike,Bike,,
485845,07/28/2018,22:50,MANHATTAN,10019.0,40.766712,-73.98289,"(40.766712, -73.98289)",8 AVENUE                        ,WEST 57 STREET,,1.0,0.0,0,0,1,0,0,0,Failure to Yield Right-of-Way,Unspecified,,,,3951624,Bike,Bike,,,
487137,07/10/2018,13:50,MANHATTAN,10003.0,40.728596,-73.98768,"(40.728596, -73.98768)",2 AVENUE                        ,SAINT MARKS PLACE,,0.0,0.0,0,0,0,0,0,0,Other Vehicular,Passing or Lane Usage Improper,,,,3942963,Bike,Bike,,,
487817,07/08/2018,19:00,MANHATTAN,10009.0,40.724262,-73.973236,"(40.724262, -73.973236)",FDR DRIVE                       ,EAST 10 STREET,,1.0,0.0,0,0,1,0,0,0,Unspecified,Unspecified,,,,3936976,Bike,Bike,,,
488014,07/13/2018,20:09,MANHATTAN,10002.0,40.7224,-73.99165,"(40.7224, -73.99165)",CHRYSTIE STREET                 ,STANTON STREET,,2.0,0.0,0,0,2,0,0,0,Driver Inexperience,Unspecified,,,,3944465,Bike,Bike,,,
490011,07/13/2018,10:48,MANHATTAN,10003.0,40.7371,-73.990326,"(40.7371, -73.990326)",EAST 17 STREET                  ,BROADWAY,,1.0,0.0,0,0,1,0,0,0,Driver Inattention/Distraction,Pedestrian/Bicyclist/Other Pedestrian Error/Confusion,,,,3943747,Bike,Bike,,,
490421,07/26/2018,2:25,MANHATTAN,10010.0,40.73891,-73.98015,"(40.73891, -73.98015)",,,432       2 AVENUE                      ,1.0,0.0,0,0,1,0,0,0,Passing or Lane Usage Improper,Unspecified,,,,3950472,Bike,Bike,,,
493105,07/30/2018,14:45,BROOKLYN,11249.0,40.723083,-73.958755,"(40.723083, -73.958755)",KENT AVENUE                     ,NORTH 12 STREET,,1.0,0.0,0,0,1,0,0,0,Passing or Lane Usage Improper,Unspecified,,,,3951253,Bike,Bike,,,
495378,07/06/2018,21:16,MANHATTAN,10024.0,40.784992,-73.98261,"(40.784992, -73.98261)",WEST 79 STREET                  ,RIVERSIDE DRIVE,,2.0,0.0,0,0,2,0,0,0,Unspecified,Unspecified,,,,3936352,Bike,Bike,,,
495632,07/29/2018,5:45,QUEENS,11372.0,40.748245,-73.87821,"(40.748245, -73.87821)",,,88-01     ROOSEVELT AVENUE              ,2.0,0.0,0,0,2,0,0,0,Driver Inattention/Distraction,Unspecified,,,,3950847,Bike,Bike,,,
495924,07/20/2018,18:15,MANHATTAN,10024.0,40.785507,-73.98394,"(40.785507, -73.98394)",WEST 79 STREET                  ,HENRY HUDSON PARKWAY,,1.0,0.0,0,0,1,0,0,0,Unspecified,Unspecified,,,,3954072,Bike,Bike,,,
495960,07/17/2018,7:00,MANHATTAN,10000.0,40.791634,-73.96257,"(40.791634, -73.96257)",WEST DRIVE                      ,TRANSVERSE ROAD NUMBER FOUR,,1.0,0.0,0,0,1,0,0,0,Pedestrian/Bicyclist/Other Pedestrian Error/Confusion,Following Too Closely,,,,3944591,Bike,Bike,,,
497668,06/21/2018,19:30,,,,,,manhattan avenue                ,MANHATTAN AVENUE,,1.0,0.0,0,0,1,0,0,0,Passing Too Closely,Following Too Closely,,,,3926079,Bike,Bike,,,
499176,06/12/2018,13:50,,,,,,,,85        WEST DRIVE                    ,1.0,0.0,0,0,1,0,0,0,Following Too Closely,Driver Inexperience,,,,3920199,Bike,Bike,,,
499927,06/29/2018,9:55,,,,,,,,101       WEST DRIVE                    ,1.0,0.0,0,0,1,0,0,0,Following Too Closely,Pedestrian/Bicyclist/Other Pedestrian Error/Confusion,,,,3932989,Bike,Bike,,,
501652,07/03/2018,7:05,,,,,,EAST DRIVE                      ,5 AVENUE,,0.0,0.0,0,0,0,0,0,0,Unspecified,Unspecified,,,,3935622,Bike,Bike,,,
502996,06/13/2018,18:30,,,,,,WEST DRIVE                      ,WEST LAKE DRIVE,,2.0,0.0,0,0,2,0,0,0,Unsafe Speed,Unsafe Speed,,,,3920658,Bike,Bike,,,
505307,06/15/2018,12:03,BROOKLYN,11223.0,40.60009,-73.96591,"(40.60009, -73.96591)",OCEAN PARKWAY                   ,AVENUE T,,1.0,0.0,0,0,1,0,0,0,Unspecified,Unspecified,,,,3921792,Bike,Bike,,,
506202,06/21/2018,14:15,,,,,,,,85        WEST DRIVE                    ,1.0,0.0,0,0,1,0,0,0,Driver Inattention/Distraction,Pedestrian/Bicyclist/Other Pedestrian Error/Confusion,,,,3926547,Bike,Bike,,,
510141,06/26/2018,19:06,MANHATTAN,10021.0,40.76912,-73.95505,"(40.76912, -73.95505)",1 AVENUE                        ,EAST 74 STREET,,1.0,0.0,0,0,1,0,0,0,Passing or Lane Usage Improper,Unspecified,,,,3929240,Bike,Bike,,,
510968,06/26/2018,19:15,MANHATTAN,10021.0,40.76912,-73.95505,"(40.76912, -73.95505)",1 AVENUE                        ,EAST 74 STREET,,1.0,0.0,0,0,1,0,0,0,Traffic Control Disregarded,Unspecified,,,,4026110,Bike,Bike,,,
513397,05/23/2018,18:55,,,40.717926,-73.98568,"(40.717926, -73.98568)",,,DELANCEY STREET                         ,1.0,0.0,0,0,1,0,0,0,Driver Inattention/Distraction,Unspecified,,,,3907021,Bike,Bike,,,
513557,05/26/2018,13:54,,,,,,,,95        EAST DRIVE                    ,1.0,0.0,0,0,1,0,0,0,Unsafe Lane Changing,Unspecified,,,,3909282,Bike,Bike,,,
514487,06/11/2018,20:48,BROOKLYN,11222.0,40.723484,-73.95165,"(40.723484, -73.95165)",LORIMER STREET                  ,NASSAU AVENUE,,1.0,0.0,0,0,1,0,0,0,Failure to Yield Right-of-Way,Traffic Control Disregarded,,,,3918825,Bike,Bike,,,
514701,06/09/2018,15:11,,,,,,,,85        WEST DRIVE                    ,1.0,0.0,0,0,1,0,0,0,Unsafe Lane Changing,Unspecified,,,,3918480,Bike,Bike,,,
515578,06/03/2018,13:05,,,,,,,,59        WEST DRIVE                    ,1.0,0.0,0,0,1,0,0,0,Driver Inattention/Distraction,Driver Inattention/Distraction,,,,3913982,Bike,Bike,,,
516196,05/28/2018,11:45,,,40.750965,-73.94027,"(40.750965, -73.94027)",QUEENS PLAZA NORTH              ,,,1.0,0.0,0,0,1,0,0,0,Driver Inattention/Distraction,Unspecified,,,,3910267,Bike,Bike,,,
518441,06/01/2018,14:46,BROOKLYN,11205.0,40.698036,-73.962845,"(40.698036, -73.962845)",FLUSHING AVENUE                 ,WILLIAMSBURG STREET WEST,,0.0,0.0,0,0,0,0,0,0,Pavement Defective,Unspecified,,,,3913377,Bike,Bike,,,
522965,06/04/2018,13:10,MANHATTAN,10011.0,40.744007,-73.99943,"(40.744007, -73.99943)",WEST 21 STREET                  ,8 AVENUE,,0.0,0.0,0,0,0,0,0,0,Unspecified,Unspecified,,,,3916695,Bike,Bike,,,
526064,06/05/2018,20:00,MANHATTAN,10002.0,40.71661,-73.98638,"(40.71661, -73.98638)",,,145       CLINTON STREET                ,1.0,0.0,0,0,1,0,0,0,Following Too Closely,Following Too Closely,,,,3920043,Bike,Bike,,,
526880,05/25/2018,16:15,,,,,,,,101       EAST DRIVE                    ,0.0,0.0,0,0,0,0,0,0,Driver Inattention/Distraction,Driver Inattention/Distraction,,,,3909212,Bike,Bike,,,
527665,06/02/2018,20:55,MANHATTAN,10011.0,40.741665,-74.00114,"(40.741665, -74.00114)",WEST 17 STREET                  ,8 AVENUE,,0.0,0.0,0,0,0,0,0,0,Traffic Control Disregarded,Unspecified,,,,3914879,Bike,Bike,,,
534099,05/03/2018,18:45,,,,,,,,61        WEST DRIVE                    ,0.0,0.0,0,0,0,0,0,0,Pedestrian/Bicyclist/Other Pedestrian Error/Confusion,Unsafe Lane Changing,,,,3894435,Bike,Bike,,,
536172,05/02/2018,6:44,MANHATTAN,10023.0,40.7723,-73.986244,"(40.7723, -73.986244)",WEST 62 STREET                  ,AMSTERDAM AVENUE,,1.0,0.0,0,0,1,0,0,0,Turning Improperly,Unspecified,,,,3892372,Bike,Bike,,,
536236,04/22/2018,15:00,MANHATTAN,10019.0,,,,12 AVENUE                       ,WEST 57 STREET,,2.0,0.0,0,0,2,0,0,0,Passing or Lane Usage Improper,Unspecified,,,,3886369,Bike,Bike,,,
536968,05/08/2018,14:10,MANHATTAN,10023.0,40.77588,-73.97623,"(40.77588, -73.97623)",,,115       CENTRAL PARK WEST             ,1.0,0.0,0,0,1,0,0,0,Failure to Yield Right-of-Way,Unspecified,,,,3898968,Bike,Bike,,,
539942,04/24/2018,8:30,,,40.75834,-73.95775,"(40.75834, -73.95775)",QUEENSBORO BRIDGE LOWER ROADWAY ,,,1.0,0.0,0,0,1,0,0,0,Unspecified,Unspecified,,,,3887229,Bike,Bike,,,
543112,05/05/2018,18:00,BROOKLYN,11211.0,40.711037,-73.96059,"(40.711037, -73.96059)",SOUTH 4 STREET                  ,SOUTH 5 PLACE,,1.0,0.0,0,0,1,0,0,0,Passing or Lane Usage Improper,Unspecified,,,,3895859,Bike,Bike,,,
547842,03/29/2018,20:55,BROOKLYN,11225.0,40.661964,-73.95705,"(40.661964, -73.95705)",BEDFORD AVENUE                  ,LEFFERTS AVENUE,,1.0,0.0,0,0,1,0,0,0,Traffic Control Disregarded,Unspecified,,,,3872429,Bike,Bike,,,
550236,04/18/2018,9:44,MANHATTAN,10002.0,40.71908,-73.98508,"(40.71908, -73.98508)",CLINTON STREET                  ,RIVINGTON STREET,,0.0,0.0,0,0,0,0,0,0,Passing or Lane Usage Improper,Unspecified,,,,3883329,Bike,Bike,,,
553238,03/28/2018,17:50,BROOKLYN,11218.0,40.641396,-73.98908,"(40.641396, -73.98908)",40 STREET                       ,12 AVENUE,,0.0,0.0,0,0,0,0,0,0,Unspecified,Unspecified,,,,3871670,Bike,Bike,,,
556791,04/18/2018,14:35,,,,,,,,79        WEST DRIVE                    ,1.0,0.0,0,0,1,0,0,0,Unsafe Lane Changing,Unspecified,,,,3883882,Bike,Bike,,,
557379,04/11/2018,12:32,MANHATTAN,10000.0,40.77994,-73.97103,"(40.77994, -73.97103)",WEST DRIVE                      ,TRANSVERSE ROAD NUMBER TWO,,2.0,0.0,0,0,2,0,0,0,Pedestrian/Bicyclist/Other Pedestrian Error/Confusion,Pedestrian/Bicyclist/Other Pedestrian Error/Confusion,,,,3878806,Bike,Bike,,,
572596,03/19/2018,17:50,MANHATTAN,10019.0,40.76749,-73.99625,"(40.76749, -73.99625)",,,711       12 AVENUE                     ,2.0,0.0,0,0,2,0,0,0,Passing or Lane Usage Improper,Unspecified,,,,3865659,Bike,Bike,,,
575147,03/19/2018,13:15,,,40.73374,-74.0063,"(40.73374, -74.0063)",HUDSON STREET                   ,,,1.0,0.0,0,0,1,0,0,0,Passing or Lane Usage Improper,Unspecified,,,,3866253,Bike,Bike,,,
575377,03/18/2018,17:00,BROOKLYN,11206.0,40.7109,-73.943794,"(40.7109, -73.943794)",GRAHAM AVENUE                   ,MAUJER STREET,,1.0,0.0,0,0,1,0,0,0,Pedestrian/Bicyclist/Other Pedestrian Error/Confusion,Unspecified,,,,3865374,Bike,Bike,,,
592780,02/19/2018,22:15,MANHATTAN,10128.0,40.780437,-73.94989,"(40.780437, -73.94989)",2 AVENUE                        ,EAST 90 STREET,,0.0,0.0,0,0,0,0,0,0,Unspecified,Unspecified,,,,3852978,Bike,Bike,,,
594196,01/29/2018,22:05,MANHATTAN,10011.0,40.745205,-74.00227,"(40.745205, -74.00227)",9 AVENUE                        ,WEST 21 STREET,,1.0,0.0,0,0,1,0,0,0,Passing or Lane Usage Improper,Unspecified,,,,3838427,Bike,Bike,,,
619519,12/12/2017,6:10,,,40.748848,-73.872375,"(40.748848, -73.872375)",ROOSEVELT AVENUE                ,,,1.0,0.0,0,0,1,0,0,0,Following Too Closely,Unspecified,,,,3806936,Bike,Bike,,,
635401,11/21/2017,23:05,,,40.73066,-73.983086,"(40.73066, -73.983086)",1 AVENUE                        ,,,1.0,0.0,0,0,1,0,0,0,Driver Inattention/Distraction,Driver Inattention/Distraction,,,,3795241,Bike,Bike,,,
640664,11/29/2017,8:05,MANHATTAN,10026.0,40.802532,-73.95303,"(40.802532, -73.95303)",WEST 115 STREET                 ,7 AVENUE,,1.0,0.0,0,0,1,0,0,0,Passing Too Closely,Passing or Lane Usage Improper,,,,3799532,Bike,Bike,,,
642622,11/28/2017,18:14,BROOKLYN,11230.0,40.62893,-73.971375,"(40.62893, -73.971375)",OCEAN PARKWAY                   ,AVENUE H,,2.0,0.0,0,0,2,0,0,0,Passing Too Closely,Passing Too Closely,,,,3799313,Bike,Bike,,,
651613,10/24/2017,16:50,BROOKLYN,11216.0,40.682835,-73.94092,"(40.682835, -73.94092)",THROOP AVENUE                   ,HALSEY STREET,,0.0,0.0,0,0,0,0,0,0,Following Too Closely,Unspecified,,,,3776310,Bike,Bike,,,
652683,10/28/2017,13:32,,,40.67059,-73.93404,"(40.67059, -73.93404)",,,101       EAST DRIVE                    ,0.0,0.0,0,0,0,0,0,0,Driver Inattention/Distraction,Driver Inexperience,,,,3778948,Bike,Bike,,,
653440,11/01/2017,13:15,MANHATTAN,10028.0,40.77493,-73.950806,"(40.77493, -73.950806)",1 AVENUE                        ,EAST 83 STREET,,1.0,0.0,0,0,1,0,0,0,Passing or Lane Usage Improper,Unsafe Speed,,,,3781722,Bike,Bike,,,
656167,10/22/2017,17:00,,,,,,,,89        EAST DRIVE                    ,1.0,0.0,0,0,1,0,0,0,Unspecified,,,,,3774868,Bike,Bike,,,
657121,10/25/2017,21:00,,,40.69079,-73.94349,"(40.69079, -73.94349)",LAFAYETTE AVENUE                ,,,0.0,0.0,0,0,0,0,0,0,Driver Inattention/Distraction,Unspecified,,,,3777243,Bike,Bike,,,
662341,11/03/2017,14:25,,,40.73384,-74.01007,"(40.73384, -74.01007)",WEST STREET                     ,,,1.0,0.0,0,0,1,0,0,0,Following Too Closely,Unspecified,,,,3784433,Bike,Bike,,,
664921,10/01/2017,14:20,,,40.781784,-73.96227,"(40.781784, -73.96227)",,,71        EAST DRIVE                    ,1.0,0.0,0,0,1,0,0,0,Unsafe Lane Changing,Unspecified,,,,3761387,Bike,Bike,,,
666391,10/14/2017,14:49,,,,,,,,65        WEST DRIVE                    ,2.0,0.0,0,0,2,0,0,0,Driver Inattention/Distraction,Pedestrian/Bicyclist/Other Pedestrian Error/Confusion,,,,3769430,Bike,Bike,,,
672760,10/05/2017,15:10,,,,,,,,85        EAST DRIVE                    ,1.0,0.0,0,0,1,0,0,0,Driver Inattention/Distraction,Driver Inattention/Distraction,,,,3764321,Bike,Bike,,,
675444,10/11/2017,9:00,,,40.783165,-73.96928,"(40.783165, -73.96928)",,,73        WEST DRIVE                    ,1.0,0.0,0,0,1,0,0,0,Following Too Closely,,,,,3767943,Bike,Bike,,,
676373,09/27/2017,9:00,,,,,,BROOKLYN BRIDGE                 ,ADAMS STREET,,1.0,0.0,0,0,1,0,0,0,Passing or Lane Usage Improper,Unspecified,,,,3758252,Bike,Bike,,,
678032,10/14/2017,15:15,,,,,,,,71        EAST DRIVE                    ,1.0,0.0,0,0,1,0,0,0,Pedestrian/Bicyclist/Other Pedestrian Error/Confusion,Unspecified,,,,3769432,Bike,Bike,,,
679605,09/18/2017,14:00,,,,,,,,71        EAST DRIVE                    ,0.0,0.0,0,0,0,0,0,0,Driver Inexperience,Driver Inexperience,,,,3757030,Bike,Bike,,,
680758,07/29/2017,18:20,,,,,,,,101       WEST DRIVE                    ,1.0,0.0,0,0,1,0,0,0,Driver Inattention/Distraction,Unspecified,,,,3720914,Bike,Bike,,,
683902,09/12/2017,22:00,MANHATTAN,10010.0,40.736687,-73.98177,"(40.736687, -73.98177)",,,362       2 AVENUE                      ,2.0,0.0,0,0,2,0,0,0,Pedestrian/Bicyclist/Other Pedestrian Error/Confusion,Unspecified,,,,3749068,Bike,Bike,,,
687532,09/07/2017,0:00,,,40.801533,-73.93136,"(40.801533, -73.93136)",1 AVENUE                        ,,,2.0,0.0,0,0,2,0,0,0,Unspecified,Unspecified,,,,3745518,Bike,Bike,,,
687895,09/12/2017,9:45,,,40.691765,-73.94806,"(40.691765, -73.94806)",DE KALB AVENUE                  ,,,2.0,0.0,0,0,2,0,0,0,Pedestrian/Bicyclist/Other Pedestrian Error/Confusion,Unspecified,,,,4024796,Bike,Bike,,,
690205,08/30/2017,9:26,BROOKLYN,11226.0,40.65487,-73.96191,"(40.65487, -73.96191)",PARKSIDE AVENUE                 ,OCEAN AVENUE,,2.0,0.0,0,0,2,0,0,0,Alcohol Involvement,Unspecified,,,,3749785,Bike,Bike,,,
690619,09/08/2017,12:00,,,40.69827,-73.788475,"(40.69827, -73.788475)",,,59        EAST DRIVE                    ,0.0,0.0,0,0,0,0,0,0,Unsafe Speed,Driver Inattention/Distraction,,,,3745677,Bike,Bike,,,
693095,09/10/2017,8:05,,,40.704388,-73.994576,"(40.704388, -73.994576)",BROOKLYN BRIDGE                 ,,,1.0,0.0,0,0,1,0,0,0,Pedestrian/Bicyclist/Other Pedestrian Error/Confusion,Passing or Lane Usage Improper,,,,3746651,Bike,Bike,,,
695280,09/17/2017,11:20,BROOKLYN,11211.0,40.710785,-73.95995,"(40.710785, -73.95995)",ROEBLING STREET                 ,SOUTH 4 STREET,,1.0,0.0,0,0,1,0,0,0,Driver Inattention/Distraction,Unspecified,,,,3752206,Bike,Bike,,,
695578,08/31/2017,19:15,,,40.74766,-73.86346,"(40.74766, -73.86346)",42 AVENUE                       ,NATIONAL STREET,,1.0,0.0,0,0,1,0,0,0,Aggressive Driving/Road Rage,Unspecified,,,,3741873,Bike,Bike,,,
696527,09/09/2017,18:45,,,40.76607,-73.97753,"(40.76607, -73.97753)",,,71        EAST DRIVE                    ,2.0,0.0,0,0,2,0,0,0,Pedestrian/Bicyclist/Other Pedestrian Error/Confusion,Pedestrian/Bicyclist/Other Pedestrian Error/Confusion,,,,3746466,Bike,Bike,,,
697757,08/21/2017,17:27,,,,,,,,73        WEST DRIVE                    ,2.0,0.0,0,0,2,0,0,0,Driver Inexperience,Passing or Lane Usage Improper,,,,3735355,Bike,Bike,,,
699826,08/01/2017,14:00,,,40.691353,-73.92142,"(40.691353, -73.92142)",LINDEN STREET                   ,,,1.0,0.0,0,0,1,0,0,0,Driver Inattention/Distraction,Unspecified,,,,3723203,Bike,Bike,,,
700172,07/30/2017,19:15,,,40.67361,-73.870224,"(40.67361, -73.870224)",,,105       EAST DRIVE                    ,2.0,0.0,0,0,2,0,0,0,Pedestrian/Bicyclist/Other Pedestrian Error/Confusion,Pedestrian/Bicyclist/Other Pedestrian Error/Confusion,,,,3721244,Bike,Bike,,,
703317,08/12/2017,19:00,,,,,,,,97        EAST DRIVE                    ,1.0,0.0,0,0,1,0,0,0,Pedestrian/Bicyclist/Other Pedestrian Error/Confusion,Pedestrian/Bicyclist/Other Pedestrian Error/Confusion,,,,3729660,Bike,Bike,,,
704773,08/12/2017,18:05,,,,,,,,85        EAST DRIVE                    ,1.0,0.0,0,0,0,0,0,0,Passing or Lane Usage Improper,Unspecified,,,,3735356,Bike,Bike,,,
707424,08/09/2017,18:39,BROOKLYN,11201.0,40.69977,-73.98294,"(40.69977, -73.98294)",SANDS STREET                    ,GOLD STREET,,1.0,0.0,0,0,1,0,0,0,Unspecified,Unspecified,,,,3736268,Bike,Bike,,,
709359,08/01/2017,19:45,QUEENS,11373.0,40.74326,-73.8898,"(40.74326, -73.8898)",WOODSIDE AVENUE                 ,75 STREET,,1.0,0.0,0,0,1,0,0,0,Aggressive Driving/Road Rage,Unspecified,,,,3722750,Bike,Bike,,,
716235,07/09/2017,10:30,MANHATTAN,10000.0,40.780888,-73.962036,"(40.780888, -73.962036)",,,30        TRANSVERSE ROAD NUMBER THREE  ,1.0,0.0,0,0,1,0,0,0,Driver Inattention/Distraction,Unsafe Speed,,,,3708388,Bike,Bike,,,
719192,07/06/2017,19:35,,,,,,,,59        CENTER DRIVE                  ,1.0,0.0,0,0,1,0,0,0,Driver Inattention/Distraction,Unspecified,,,,3706078,Bike,Bike,,,
722934,07/04/2017,22:23,BROOKLYN,11233.0,40.681408,-73.914185,"(40.681408, -73.914185)",MARION STREET                   ,BOYLAND STREET,,2.0,0.0,0,0,2,0,0,0,Driver Inattention/Distraction,Driver Inattention/Distraction,,,,3722544,Bike,Bike,,,
725083,07/10/2017,18:44,,,,,,,,95        EAST DRIVE                    ,2.0,0.0,0,0,2,0,0,0,Unspecified,Unspecified,,,,3708981,Bike,Bike,,,
730620,07/01/2017,11:35,,,,,,,,65        EAST DRIVE                    ,0.0,0.0,0,0,0,0,0,0,Unsafe Speed,Driver Inattention/Distraction,,,,3702782,Bike,Bike,,,
730764,05/12/2017,9:30,,,,,,,,103       EAST DRIVE                    ,1.0,0.0,0,0,1,0,0,0,Unspecified,Unspecified,,,,3670765,Bike,Bike,,,
731287,06/24/2017,20:58,,,,,,EAST DRIVE                      ,LINCOLN ROAD DRIVE,,2.0,0.0,0,0,2,0,0,0,Driver Inattention/Distraction,Failure to Yield Right-of-Way,,,,3698724,Bike,Bike,,,
732061,06/10/2017,18:30,,,40.682537,-73.95002,"(40.682537, -73.95002)",HANCOCK STREET                  ,,,1.0,0.0,0,0,1,0,0,0,Pedestrian/Bicyclist/Other Pedestrian Error/Confusion,Unspecified,,,,3688120,Bike,Bike,,,
732820,06/29/2017,17:40,,,40.737568,-74.00975,"(40.737568, -74.00975)",WEST STREET                     ,,,1.0,0.0,0,0,1,0,0,0,Failure to Yield Right-of-Way,Unspecified,Unspecified,,,3704199,Bike,Bike,Bike,,
735427,06/19/2017,6:50,,,,,,WEST DRIVE                      ,,,2.0,0.0,0,0,2,0,0,0,Unspecified,Unspecified,,,,3695540,Bike,Bike,,,
739129,06/13/2017,20:25,,,40.70191,-73.93699,"(40.70191, -73.93699)",FLUSHING AVENUE                 ,,,0.0,0.0,0,0,0,0,0,0,Pedestrian/Bicyclist/Other Pedestrian Error/Confusion,Unspecified,,,,3691913,Bike,Bike,,,
739144,06/30/2017,19:00,,,,,,,,97        EAST DRIVE                    ,1.0,0.0,0,0,1,0,0,0,Following Too Closely,Unspecified,,,,3702402,Bike,Bike,,,
739521,06/14/2017,11:57,MANHATTAN,10001.0,,,,WEST 34 STREET                  ,12 AVENUE,,1.0,0.0,0,0,1,0,0,0,Failure to Yield Right-of-Way,Unspecified,,,,3693609,Bike,Bike,,,
739765,06/18/2017,18:30,BROOKLYN,11220.0,40.642303,-74.01324,"(40.642303, -74.01324)",55 STREET                       ,5 AVENUE,,1.0,0.0,0,0,1,0,0,0,Unspecified,Unspecified,,,,3696452,Bike,Bike,,,
740526,06/18/2017,13:45,,,,,,,,101       EAST DRIVE                    ,1.0,0.0,0,0,1,0,0,0,Driver Inexperience,Following Too Closely,,,,3693903,Bike,Bike,,,
741215,06/11/2017,19:01,,,40.66326,-73.95259,"(40.66326, -73.95259)",,,85        EAST DRIVE                    ,1.0,0.0,0,0,1,0,0,0,Brakes Defective,Following Too Closely,,,,3690480,Bike,Bike,,,
743100,06/18/2017,13:15,,,40.791634,-73.96257,"(40.791634, -73.96257)",,,TRANSVERSE ROAD NUMBER FOUR             ,1.0,0.0,0,0,1,0,0,0,Passing Too Closely,Unspecified,,,,3693904,Bike,Bike,,,
743803,06/12/2017,22:27,MANHATTAN,10000.0,40.77994,-73.97103,"(40.77994, -73.97103)",WEST DRIVE                      ,TRANSVERSE ROAD NUMBER TWO,,1.0,0.0,0,0,1,0,0,0,Animals Action,Animals Action,,,,3690482,Bike,Bike,,,
744618,06/15/2017,12:14,MANHATTAN,10069.0,,,,WEST 61 STREET                  ,RIVERSIDE BOULEVARD,,2.0,0.0,0,0,2,0,0,0,Unspecified,Unspecified,,,,3691809,Bike,Bike,,,
746376,06/12/2017,16:50,MANHATTAN,10023.0,40.777004,-73.97908,"(40.777004, -73.97908)",,,247       COLUMBUS AVENUE               ,1.0,0.0,0,0,1,0,0,0,Unspecified,Unspecified,,,,3689363,Bike,Bike,,,
747491,06/08/2017,0:00,,,40.71279,-73.9693,"(40.71279, -73.9693)",WILLIAMSBURG BRIDGE INNER ROADWA,,,2.0,0.0,0,0,2,0,0,0,Passing or Lane Usage Improper,Driver Inattention/Distraction,,,,3687026,Bike,Bike,,,
750567,05/31/2017,20:00,,,,,,RIVERSIDE PARK                  ,WEST 70 STREET,,1.0,0.0,0,0,1,0,0,0,Following Too Closely,Following Too Closely,,,,3681720,Bike,Bike,,,
751029,05/23/2017,21:30,MANHATTAN,10022.0,40.754505,-73.965706,"(40.754505, -73.965706)",EAST 51 STREET                  ,1 AVENUE,,1.0,0.0,0,0,1,0,0,0,Other Vehicular,Driver Inattention/Distraction,,,,3680501,Bike,Bike,,,
752385,05/31/2017,15:08,MANHATTAN,10001.0,40.74658,-73.99756,"(40.74658, -73.99756)",8 AVENUE                        ,WEST 25 STREET,,1.0,0.0,0,0,1,0,0,0,Driver Inattention/Distraction,Unspecified,,,,3681680,Bike,Bike,,,
754906,05/28/2017,12:15,,,,,,WEST DRIVE                      ,WEST LAKE DRIVE,,2.0,0.0,0,0,2,0,0,0,Driver Inattention/Distraction,Unspecified,,,,3679519,Bike,Bike,,,
755641,06/01/2017,7:15,MANHATTAN,10003.0,40.72535,-73.98696,"(40.72535, -73.98696)",,,67        1 AVENUE                      ,0.0,0.0,0,0,0,0,0,0,Passing or Lane Usage Improper,Driver Inattention/Distraction,,,,3683631,Bike,Bike,,,
757872,05/27/2017,15:00,,,,,,EAST DRIVE                      ,,,2.0,0.0,0,0,2,0,0,0,Driver Inexperience,Unspecified,,,,3679517,Bike,Bike,,,
758160,06/09/2017,7:03,BROOKLYN,11204.0,40.620712,-73.98509,"(40.620712, -73.98509)",19 AVENUE                       ,60 STREET,,1.0,0.0,0,0,1,0,0,0,Pedestrian/Bicyclist/Other Pedestrian Error/Confusion,Unspecified,,,,3688095,Bike,Bike,,,
761981,06/03/2017,17:40,,,,,,,,59        WEST DRIVE                    ,1.0,0.0,0,0,1,0,0,0,Pedestrian/Bicyclist/Other Pedestrian Error/Confusion,Unspecified,,,,3683426,Bike,Bike,,,
763891,05/15/2017,23:50,MANHATTAN,10010.0,40.736225,-73.98098,"(40.736225, -73.98098)",,,330       EAST 21 STREET                ,1.0,0.0,0,0,1,0,0,0,Failure to Yield Right-of-Way,Unspecified,,,,3671006,Bike,Bike,,,
764368,05/04/2017,21:00,MANHATTAN,10003.0,40.732983,-73.99118,"(40.732983, -73.99118)",,,815       BROADWAY                      ,1.0,0.0,0,0,1,0,0,0,Failure to Yield Right-of-Way,Unspecified,,,,3665401,Bike,Bike,,,
765907,05/12/2017,19:40,MANHATTAN,10024.0,40.784534,-73.9736,"(40.784534, -73.9736)",COLUMBUS AVENUE                 ,WEST 83 STREET,,1.0,0.0,0,0,1,0,0,0,Unsafe Lane Changing,Unspecified,,,,3668954,Bike,Bike,,,
766913,05/14/2017,17:00,MANHATTAN,10028.0,40.773655,-73.95173,"(40.773655, -73.95173)",1 AVENUE                        ,EAST 81 STREET,,0.0,0.0,0,0,0,0,0,0,Pedestrian/Bicyclist/Other Pedestrian Error/Confusion,Pedestrian/Bicyclist/Other Pedestrian Error/Confusion,,,,3670069,Bike,Bike,,,
769252,04/29/2017,15:45,,,,,,,,61        CENTER DRIVE                  ,3.0,0.0,0,0,3,0,0,0,Driver Inexperience,Driver Inexperience,Unspecified,,,3659838,Bike,Bike,Bike,,
774571,04/23/2017,9:40,,,,,,,,107       EAST DRIVE                    ,2.0,0.0,0,0,2,0,0,0,Unsafe Speed,Pedestrian/Bicyclist/Other Pedestrian Error/Confusion,,,,3655693,Bike,Bike,,,
778667,04/28/2017,19:05,QUEENS,11102.0,40.776695,-73.927826,"(40.776695, -73.927826)",SHORE BOULEVARD                 ,ASTORIA PARK SOUTH,,1.0,0.0,0,0,1,0,0,0,Unspecified,Unspecified,,,,3659704,Bike,Bike,,,
780677,04/02/2017,12:36,,,,,,Riverside Park                  ,West 79 Street,,1.0,0.0,0,0,1,0,0,0,Unspecified,Unspecified,,,,3643925,Bike,Bike,,,
785027,04/12/2017,11:00,BROOKLYN,11215.0,40.663315,-73.977936,"(40.663315, -73.977936)",,,162       PROSPECT PARK WEST            ,2.0,0.0,0,0,2,0,0,0,Pedestrian/Bicyclist/Other Pedestrian Error/Confusion,Pedestrian/Bicyclist/Other Pedestrian Error/Confusion,,,,3650146,Bike,Bike,,,
785470,04/05/2017,18:40,,,40.664097,-73.90932,"(40.664097, -73.90932)",ROCKAWAY AVENUE                 ,,,1.0,0.0,0,0,1,0,0,0,Driver Inattention/Distraction,Unspecified,,,,3645792,Bike,Bike,,,
792289,03/24/2017,22:30,,,40.780437,-73.94989,"(40.780437, -73.94989)",2 AVENUE                        ,,,1.0,0.0,0,0,1,0,0,0,Driver Inattention/Distraction,,,,,3639744,Bike,Bike,,,
827450,01/26/2017,18:40,,,,,,BROOKLYN BRIDGE                 ,ADAMS STREET,,1.0,0.0,0,0,1,0,0,0,Passing or Lane Usage Improper,Unspecified,,,,3605074,Bike,Bike,,,
863179,11/09/2016,18:30,BROOKLYN,11206.0,40.70154,-73.93837,"(40.70154, -73.93837)",FLUSHING AVENUE                 ,GARDEN STREET,,1.0,0.0,0,0,1,0,0,0,Failure to Yield Right-of-Way,Driver Inattention/Distraction,,,,3557532,Bike,Bike,,,
865090,11/26/2016,17:18,,,40.73539,-73.952614,"(40.73539, -73.952614)",MC GUINNESS BOULEVARD           ,EAGLE STREET,,1.0,0.0,0,0,1,0,0,0,Failure to Yield Right-of-Way,Unspecified,,,,3567986,Bike,Bike,,,
866747,11/19/2016,13:15,,,40.80641,-73.9502,"(40.80641, -73.9502)",WEST 121 STREET                 ,,,1.0,0.0,0,0,1,0,0,0,Driver Inattention/Distraction,Driver Inattention/Distraction,,,,3564121,Bike,Bike,,,
874533,11/15/2016,3:40,,,40.757545,-73.95579,"(40.757545, -73.95579)",QUEENSBORO BRIDGE OUTER         ,,,2.0,0.0,0,0,2,0,0,0,Driver Inattention/Distraction,Unspecified,,,,3560511,Bike,Bike,,,
880688,10/11/2016,17:07,,,,,,,,79        EAST DRIVE                    ,0.0,0.0,0,0,0,0,0,0,Driver Inattention/Distraction,Pedestrian/Bicyclist/Other Pedestrian Error/Confusion,,,,3538398,Bike,Bike,,,
886375,10/19/2016,13:00,,,,,,,,101       EAST DRIVE                    ,2.0,0.0,0,0,2,0,0,0,Driver Inattention/Distraction,Driver Inattention/Distraction,,,,3544276,Bike,Bike,,,
891726,11/03/2016,9:00,BROOKLYN,11211.0,40.71098,-73.9583,"(40.71098, -73.9583)",,,233       SOUTH 3 STREET                ,1.0,0.0,0,0,1,0,0,0,Pedestrian/Bicyclist/Other Pedestrian Error/Confusion,Unsafe Lane Changing,,,,3557926,Bike,Bike,,,
895105,10/10/2016,15:10,,,40.7136,-74.0091,"(40.7136, -74.0091)",,,71        EAST DRIVE                    ,1.0,0.0,0,0,1,0,0,0,Unspecified,Unspecified,,,,3538399,Bike,Bike,,,
897245,09/23/2016,16:05,,,,,,,,97        WEST DRIVE                    ,1.0,0.0,0,0,1,0,0,0,Unspecified,Unspecified,,,,3526682,Bike,Bike,,,
897453,10/04/2016,22:30,MANHATTAN,10022.0,40.75895,-73.96849,"(40.75895, -73.96849)",EAST 55 STREET                  ,3 AVENUE,,1.0,0.0,0,0,1,0,0,0,Unspecified,Unspecified,,,,3535871,Bike,Bike,,,
897576,09/23/2016,17:45,,,,,,,,71        EAST DRIVE                    ,1.0,0.0,0,0,1,0,0,0,Passing or Lane Usage Improper,Unspecified,,,,3526683,Bike,Bike,,,
904709,09/15/2016,21:00,MANHATTAN,10024.0,40.784527,-73.979485,"(40.784527, -73.979485)",WEST 80 STREET                  ,BROADWAY,,0.0,0.0,0,0,0,0,0,0,Following Too Closely,Unspecified,,,,3521164,Bike,Bike,,,
904737,09/25/2016,12:25,BROOKLYN,11226.0,,,,,,171       east drive                    ,2.0,0.0,0,0,2,0,0,0,Passing or Lane Usage Improper,Unspecified,,,,3527121,Bike,Bike,,,
904833,09/22/2016,18:30,,,,,,,,85        WEST DRIVE                    ,0.0,0.0,0,0,0,0,0,0,Driver Inattention/Distraction,Driver Inattention/Distraction,,,,3525872,Bike,Bike,,,
905219,09/21/2016,7:40,MANHATTAN,10002.0,40.718685,-73.99051,"(40.718685, -73.99051)",,,100       ALLEN STREET                  ,1.0,0.0,0,0,1,0,0,0,Pedestrian/Bicyclist/Other Pedestrian Error/Confusion,Unspecified,,,,3525299,Bike,Bike,,,
907188,09/15/2016,18:45,,,,,,,,101       WEST DRIVE                    ,1.0,0.0,0,0,1,0,0,0,Unsafe Speed,Pedestrian/Bicyclist/Other Pedestrian Error/Confusion,,,,3520835,Bike,Bike,,,
907664,10/05/2016,21:25,MANHATTAN,10040.0,40.860863,-73.928825,"(40.860863, -73.928825)",ELLWOOD STREET                  ,WEST 196 STREET,,1.0,0.0,0,0,1,0,0,0,Failure to Yield Right-of-Way,Unspecified,,,,3543040,Bike,Bike,,,
908416,09/18/2016,19:10,,,40.6932,-73.971344,"(40.6932, -73.971344)",MYRTLE AVENUE                   ,,,1.0,0.0,0,0,1,0,0,0,Unsafe Speed,Unspecified,,,,3522484,Bike,Bike,,,
911941,09/24/2016,16:20,,,,,,,,87        WEST DRIVE                    ,1.0,0.0,0,0,1,0,0,0,Following Too Closely,Following Too Closely,,,,3526677,Bike,Bike,,,
912396,09/25/2016,11:21,MANHATTAN,10024.0,40.784992,-73.98261,"(40.784992, -73.98261)",WEST 79 STREET                  ,RIVERSIDE DRIVE,,2.0,0.0,0,0,2,0,0,0,Unsafe Speed,Unspecified,,,,3526709,Bike,Bike,,,
914441,09/09/2016,18:20,BRONX,10464.0,40.852947,-73.78976,"(40.852947, -73.78976)",,,591       CITY ISLAND AVENUE            ,2.0,0.0,0,0,2,0,0,0,Unspecified,Unspecified,,,,3523374,Bike,Bike,,,
917039,08/29/2016,17:30,,,40.709198,-73.991776,"(40.709198, -73.991776)",MANHATTAN BR LOWER              ,,,2.0,0.0,0,0,2,0,0,0,Pedestrian/Bicyclist/Other Pedestrian Error/Confusion,Reaction to Uninvolved Vehicle,,,,3533294,Bike,Bike,,,
917141,09/07/2016,23:35,,,40.67213,-73.876495,"(40.67213, -73.876495)",SUTTER AVENUE                   ,,,0.0,0.0,0,0,0,0,0,0,Pedestrian/Bicyclist/Other Pedestrian Error/Confusion,Pedestrian/Bicyclist/Other Pedestrian Error/Confusion,,,,3533306,Bike,Bike,,,
918130,09/10/2016,14:05,,,40.725723,-73.94881,"(40.725723, -73.94881)",MC GUINNESS BOULEVARD           ,,,2.0,0.0,0,0,2,0,0,0,Driver Inattention/Distraction,Unspecified,,,,3533297,Bike,Bike,,,
918575,09/05/2016,12:20,QUEENS,11103.0,40.767204,-73.910095,"(40.767204, -73.910095)",42 STREET                       ,25 AVENUE,,1.0,0.0,0,0,1,0,0,0,Pedestrian/Bicyclist/Other Pedestrian Error/Confusion,Unspecified,,,,3533287,Bike,Bike,,,
921319,08/30/2016,17:40,,,40.837315,-73.934044,"(40.837315, -73.934044)",HARLEM RIVER DRIVE              ,,,1.0,0.0,0,0,1,0,0,0,Driver Inattention/Distraction,Passing Too Closely,,,,3533280,Bike,Bike,,,
922042,08/30/2016,16:30,,,,,,WEST DRIVE                      ,PROSPECT PARK WEST,,1.0,0.0,0,0,1,0,0,0,Driver Inattention/Distraction,Failure to Yield Right-of-Way,,,,3533290,Bike,Bike,,,
922328,09/09/2016,19:10,,,,,,WEST DRIVE                      ,102 CROSS DRIVE,,1.0,0.0,0,0,1,0,0,0,Unspecified,Unspecified,,,,3533304,Bike,Bike,,,
923117,09/02/2016,17:48,,,,,,,,67        WEST DRIVE                    ,0.0,0.0,0,0,0,0,0,0,Pedestrian/Bicyclist/Other Pedestrian Error/Confusion,Unspecified,,,,3533283,Bike,Bike,,,
924373,08/26/2016,11:05,,,,,,,,59        CENTER DRIVE                  ,1.0,0.0,0,0,1,0,0,0,Following Too Closely,Unspecified,,,,3533268,Bike,Bike,,,
925889,09/12/2016,19:15,QUEENS,11372.0,40.753326,-73.8718,"(40.753326, -73.8718)",JUNCTION BOULEVARD              ,35 AVENUE,,2.0,0.0,0,0,2,0,0,0,Unspecified,Unspecified,,,,3518988,Bike,Bike,,,
926110,09/03/2016,11:35,QUEENS,11697.0,40.561802,-73.91306,"(40.561802, -73.91306)",BEACH 204 STREET                ,12 AVENUE,,2.0,0.0,0,0,0,0,2,0,Unspecified,Unspecified,,,,3533296,Bike,Bike,,,
926163,08/20/2016,17:15,,,40.61739,-73.99194,"(40.61739, -73.99194)",18 AVENUE                       ,,,0.0,0.0,0,0,0,0,0,0,Unspecified,Unspecified,,,,3533230,Bike,Bike,,,
927064,08/31/2016,8:57,BRONX,10461.0,40.847046,-73.832146,"(40.847046, -73.832146)",,,3000      BUHRE AVENUE                  ,0.0,0.0,0,0,0,0,0,0,Unspecified,Unspecified,Unspecified,,,3510495,Bike,Bike,,,
929003,08/28/2016,16:30,,,,,,,,101       WEST DRIVE                    ,2.0,0.0,0,0,2,0,0,0,Driver Inattention/Distraction,Driver Inattention/Distraction,,,,3533267,Bike,Bike,,,
930623,08/19/2016,7:55,,,,,,QUEENSBORO BRIDGE OUTER ROADWAY ,,,0.0,0.0,0,0,0,0,0,0,Unspecified,Unspecified,,,,3533227,Bike,Bike,,,
930769,06/14/2016,10:30,,,,,,BROOKLYN BRIDGE                 ,,,1.0,0.0,0,0,1,0,0,0,Passing or Lane Usage Improper,Unspecified,,,,4023726,Bike,Bike,,,
934161,07/24/2016,18:00,BROOKLYN,11226.0,,,,,,53        parkside ave                  ,1.0,0.0,0,0,1,0,0,0,Driver Inattention/Distraction,Driver Inattention/Distraction,,,,4023767,Bike,Bike,,,
938323,08/06/2016,9:30,QUEENS,11694.0,40.570034,-73.862465,"(40.570034, -73.862465)",ROCKAWAY BEACH BOULEVARD        ,BEACH 147 STREET,,2.0,0.0,0,0,2,0,0,0,Pavement Defective,Pavement Defective,,,,3532519,Bike,Bike,,,
939702,07/28/2016,9:46,,,,,,,,79        WEST DRIVE                    ,0.0,0.0,0,0,0,0,0,0,Passing or Lane Usage Improper,Unspecified,,,,3533210,Bike,Bike,,,
942115,07/26/2016,20:15,,,,,,,,101       EAST DRIVE                    ,2.0,0.0,0,0,2,0,0,0,Failure to Yield Right-of-Way,Unspecified,,,,3533206,Bike,Bike,,,
945301,08/07/2016,18:00,BROOKLYN,11232.0,40.64504,-73.99963,"(40.64504, -73.99963)",8 AVENUE                        ,43 STREET,,1.0,0.0,0,0,1,0,0,0,Failure to Yield Right-of-Way,Unspecified,,,,3532506,Bike,Bike,,,
946581,08/04/2016,23:00,BRONX,10466.0,40.889923,-73.85931,"(40.889923, -73.85931)",WHITE PLAINS ROAD               ,EAST 228 STREET,,1.0,0.0,0,0,1,0,0,0,Traffic Control Disregarded,Unspecified,,,,3533195,Bike,Bike,,,
947434,07/16/2016,16:15,,,,,,,,71        EAST DRIVE                    ,1.0,0.0,0,0,1,0,0,0,Listening/Using Headphones,Unspecified,,,,4023747,Bike,Bike,,,
948016,07/22/2016,22:30,,,40.69349,-73.97917,"(40.69349, -73.97917)",NAVY STREET                     ,,,1.0,0.0,0,0,1,0,0,0,Failure to Yield Right-of-Way,Failure to Yield Right-of-Way,,,,4023764,Bike,Bike,,,
949379,07/19/2016,8:25,,,,,,,,77        WEST DRIVE                    ,1.0,0.0,0,0,1,0,0,0,Animals Action,Animals Action,,,,4023756,Bike,Bike,,,
950701,07/20/2016,7:41,BROOKLYN,11209.0,40.632664,-74.03613,"(40.632664, -74.03613)",NARROWS AVENUE                  ,76 STREET,,1.0,0.0,0,0,1,0,0,0,Failure to Yield Right-of-Way,Unspecified,,,,3716105,Bike,Bike,,,
950888,07/12/2016,20:25,MANHATTAN,10000.0,40.791634,-73.96257,"(40.791634, -73.96257)",TRANSVERSE ROAD NUMBER FOUR     ,WEST DRIVE,,0.0,0.0,0,0,0,0,0,0,Unsafe Speed,Unsafe Speed,,,,4023730,Bike,Bike,,,
952547,07/20/2016,22:23,MANHATTAN,10027.0,40.810627,-73.95828,"(40.810627, -73.95828)",AMSTERDAM AVENUE                ,WEST 122 STREET,,1.0,0.0,0,0,1,0,0,0,Unspecified,,,,,4023760,Bike,Bike,,,
954657,07/19/2016,9:20,,,40.719055,-74.01245,"(40.719055, -74.01245)",WEST STREET                     ,,,1.0,0.0,0,0,1,0,0,0,Following Too Closely,Unspecified,,,,4023752,Bike,Bike,,,
955761,07/18/2016,18:35,BRONX,10472.0,40.83093,-73.860695,"(40.83093, -73.860695)",,,1210      VIRGINIA AVENUE               ,2.0,0.0,0,0,2,0,0,0,Passing or Lane Usage Improper,Unspecified,,,,4023749,Bike,Bike,,,
956359,07/22/2016,11:16,MANHATTAN,10000.0,40.784473,-73.967224,"(40.784473, -73.967224)",WEST DRIVE                      ,TRANSVERSE ROAD NUMBER THREE,,2.0,0.0,0,0,2,0,0,0,Pedestrian/Bicyclist/Other Pedestrian Error/Confusion,Driver Inattention/Distraction,,,,4023770,Bike,Bike,,,
957467,07/14/2016,19:27,MANHATTAN,10000.0,40.77509,-73.96821,"(40.77509, -73.96821)",,,7401      EAST DRIVE                    ,1.0,0.0,0,0,1,0,0,0,Unsafe Speed,Traffic Control Disregarded,,,,4023740,Bike,Bike,,,
958418,07/07/2016,22:25,BROOKLYN,11205.0,40.692776,-73.95769,"(40.692776, -73.95769)",FRANKLIN AVENUE                 ,WILLOUGHBY AVENUE,,1.0,0.0,0,0,1,0,0,0,Pedestrian/Bicyclist/Other Pedestrian Error/Confusion,Unspecified,,,,4023717,Bike,Bike,,,
958446,07/07/2016,21:55,,,,,,,,101       EAST DRIVE                    ,1.0,0.0,0,0,1,0,0,0,Following Too Closely,Following Too Closely,,,,4023723,Bike,Bike,,,
959091,07/20/2016,6:30,MANHATTAN,10014.0,40.735302,-74.00494,"(40.735302, -74.00494)",PERRY STREET                    ,BLEECKER STREET,,0.0,0.0,0,0,0,0,0,0,Driver Inattention/Distraction,Unspecified,Unspecified,Unspecified,Unspecified,3486301,Bike,Bike,Bike,Bike,Bike
962971,07/13/2016,10:46,MANHATTAN,10000.0,40.789474,-73.9574,"(40.789474, -73.9574)",TRANSVERSE ROAD NUMBER FOUR     ,EAST DRIVE,,1.0,0.0,0,0,1,0,0,0,Pedestrian/Bicyclist/Other Pedestrian Error/Confusion,Pedestrian/Bicyclist/Other Pedestrian Error/Confusion,,,,4023737,Bike,Bike,,,
964760,06/11/2016,16:45,MANHATTAN,10036.0,40.759163,-73.988396,"(40.759163, -73.988396)",WEST 45 STREET                  ,8 AVENUE,,0.0,0.0,0,0,0,0,0,0,Driver Inattention/Distraction,Following Too Closely,,,,4022988,Bike,Bike,,,
965237,06/13/2016,19:23,,,40.74071,-74.00903,"(40.74071, -74.00903)",WEST STREET                     ,,,1.0,0.0,0,0,1,0,0,0,Pedestrian/Bicyclist/Other Pedestrian Error/Confusion,Pedestrian/Bicyclist/Other Pedestrian Error/Confusion,,,,4022956,Bike,Bike,,,
965458,06/18/2016,14:00,,,40.83629,-73.94924,"(40.83629, -73.94924)",WEST 158 STREET                 ,HENRY HUDSON PARKWAY,,2.0,0.0,0,0,2,0,0,0,Driver Inattention/Distraction,Unspecified,,,,4023641,Bike,Bike,,,
967990,06/10/2016,13:05,,,,,,,,71        EAST DRIVE                    ,0.0,0.0,0,0,0,0,0,0,Turning Improperly,Unspecified,,,,4022868,Bike,Bike,,,
970970,06/14/2016,10:30,,,,,,BROOKLYN BRIDGE                 ,,,2.0,0.0,0,0,2,0,0,0,Pedestrian/Bicyclist/Other Pedestrian Error/Confusion,Unspecified,,,,4023721,Bike,Bike,,,
975278,06/14/2016,20:40,,,,,,102 CROSS DRIVE                 ,EAST DRIVE,,0.0,0.0,0,0,0,0,0,0,Other Vehicular,Unspecified,,,,4023643,Bike,Bike,,,
976537,06/23/2016,10:01,MANHATTAN,10013.0,40.721622,-74.00221,"(40.721622, -74.00221)",GRAND STREET                    ,GREENE STREET,,1.0,0.0,0,0,1,0,0,0,Unspecified,Unspecified,,,,4023669,Bike,Bike,,,
982338,05/28/2016,14:50,,,40.757233,-73.9898,"(40.757233, -73.9898)",,,EAST DRIVE                              ,2.0,0.0,1,0,1,0,0,0,Failure to Yield Right-of-Way,Traffic Control Disregarded,,,,4022438,Bike,Bike,,,
986500,05/12/2016,15:00,MANHATTAN,10023.0,40.77936,-73.97737,"(40.77936, -73.97737)",COLUMBUS AVENUE                 ,WEST 75 STREET,,1.0,0.0,0,0,1,0,0,0,Pedestrian/Bicyclist/Other Pedestrian Error/Confusion,Unspecified,,,,4022397,Bike,Bike,,,
987022,05/29/2016,11:55,MANHATTAN,10000.0,40.77509,-73.96821,"(40.77509, -73.96821)",,,7401      EAST DRIVE                    ,0.0,0.0,0,0,0,0,0,0,Aggressive Driving/Road Rage,Aggressive Driving/Road Rage,Aggressive Driving/Road Rage,,,4022447,Bike,Bike,Bike,,
989590,05/16/2016,20:00,MANHATTAN,10014.0,40.734577,-74.010025,"(40.734577, -74.010025)",WEST STREET                     ,PERRY STREET,,0.0,0.0,0,0,0,0,0,0,Driver Inattention/Distraction,Unspecified,,,,4022405,Bike,Bike,,,
990100,05/22/2016,11:29,,,40.772415,-73.97874,"(40.772415, -73.97874)",TRANSVERSE ROAD NUMBER ONE      ,CENTRAL PARK WEST,,0.0,0.0,0,0,0,0,0,0,Physical Disability,Unspecified,,,,4022429,Bike,Bike,,,
991750,05/29/2016,9:55,MANHATTAN,10002.0,40.715622,-73.994286,"(40.715622, -73.994286)",CANAL STREET                    ,FORSYTH STREET,,1.0,0.0,0,0,1,0,0,0,Pedestrian/Bicyclist/Other Pedestrian Error/Confusion,Unspecified,,,,4022442,Bike,Bike,,,
991755,05/21/2016,16:48,,,40.73876,-74.00973,"(40.73876, -74.00973)",WEST STREET                     ,,,1.0,0.0,0,0,1,0,0,0,Unspecified,Unspecified,,,,4022422,Bike,Bike,,,
991833,05/27/2016,7:45,,,40.71502,-73.99476,"(40.71502, -73.99476)",Manhattan Bridge                ,,,3.0,0.0,0,0,3,0,0,0,Pedestrian/Bicyclist/Other Pedestrian Error/Confusion,Pedestrian/Bicyclist/Other Pedestrian Error/Confusion,Pedestrian/Bicyclist/Other Pedestrian Error/Confusion,,,4022433,Bike,Bike,Bike,,
993407,05/19/2016,5:00,BROOKLYN,11216.0,40.669857,-73.95051,"(40.669857, -73.95051)",EASTERN PARKWAY                 ,NOSTRAND AVENUE,,2.0,0.0,0,0,2,0,0,0,Unspecified,Unspecified,,,,4023729,Bike,Bike,,,
993696,05/19/2016,15:10,,,,,,BROOKLYN BRIDGE                 ,CHAMBERS STREET,,1.0,0.0,0,0,1,0,0,0,Pedestrian/Bicyclist/Other Pedestrian Error/Confusion,Unspecified,,,,4022421,Bike,Bike,,,
994428,05/21/2016,22:30,MANHATTAN,10028.0,40.776062,-73.95151,"(40.776062, -73.95151)",,,351       EAST 84 STREET                ,1.0,0.0,0,0,1,0,0,0,Pedestrian/Bicyclist/Other Pedestrian Error/Confusion,Unspecified,,,,4022417,Bike,Bike,,,
995109,05/20/2016,19:30,,,,,,,,109       WEST DRIVE                    ,1.0,0.0,0,0,1,0,0,0,Driver Inexperience,Unspecified,,,,4022470,Bike,Bike,,,
1002077,04/25/2016,15:00,BROOKLYN,11211.0,40.714455,-73.935295,"(40.714455, -73.935295)",METROPOLITAN AVENUE             ,MORGAN AVENUE,,1.0,0.0,0,0,1,0,0,0,Unspecified,,,,,4022340,Bike,Bike,,,
1008084,04/13/2016,17:05,MANHATTAN,10000.0,,,,WEST DRIVE                      ,OLMSTED WAY,,0.0,0.0,0,0,0,0,0,0,Traffic Control Disregarded,Unspecified,,,,4022229,Bike,Bike,,,
1011919,04/18/2016,17:00,BROOKLYN,11226.0,40.658447,-73.96248,"(40.658447, -73.96248)",,,171       EAST DRIVE                    ,2.0,0.0,0,0,2,0,0,0,Pedestrian/Bicyclist/Other Pedestrian Error/Confusion,Pedestrian/Bicyclist/Other Pedestrian Error/Confusion,,,,4022261,Bike,Bike,,,
1012713,04/27/2016,20:23,BROOKLYN,11220.0,,,,5 AVENUE                        ,61 STREET,,1.0,0.0,0,0,1,0,0,0,Driver Inattention/Distraction,Unspecified,,,,4022363,Bike,Bike,,,
1012754,04/13/2016,22:00,MANHATTAN,10001.0,,,,9 AVENUE                        ,WEST 27 STREET,,0.0,0.0,0,0,0,0,0,0,Passing Too Closely,Unspecified,,,,4022259,Bike,Bike,,,
1019214,04/11/2016,22:03,BROOKLYN,11208.0,,,,FULTON STREET                   ,HEMLOCK STREET,,1.0,0.0,0,0,1,0,0,0,Driver Inattention/Distraction,Unspecified,,,,4022260,Bike,Bike,,,
1019906,04/02/2016,21:00,BROOKLYN,11214.0,,,,76 STREET                       ,19 AVENUE,,1.0,0.0,0,0,1,0,0,0,Driver Inattention/Distraction,Unspecified,,,,4022180,Bike,Bike,,,
1020765,03/16/2016,10:45,MANHATTAN,10018.0,40.753384,-73.992615,"(40.753384, -73.992615)",,,519       8 AVENUE                      ,2.0,0.0,0,0,2,0,0,0,Pedestrian/Bicyclist/Other Pedestrian Error/Confusion,Unspecified,,,,4022009,Bike,Bike,,,
1024624,03/30/2016,13:20,MANHATTAN,10011.0,,,,AVENUE OF THE AMERICAS          ,WEST 14 STREET,,1.0,0.0,0,0,1,0,0,0,Driver Inattention/Distraction,Driver Inattention/Distraction,,,,4022161,Bike,Bike,,,
1027288,03/24/2016,15:00,MANHATTAN,10014.0,,,,BLEECKER STREET                 ,MORTON STREET,,1.0,0.0,0,0,1,0,0,0,Pedestrian/Bicyclist/Other Pedestrian Error/Confusion,Pedestrian/Bicyclist/Other Pedestrian Error/Confusion,,,,4022072,Bike,Bike,,,
1028488,03/23/2016,15:33,,,,,,,,WEST STREET                             ,1.0,0.0,0,0,1,0,0,0,Unspecified,Unspecified,,,,4022025,Bike,Bike,,,
